Time,Sales Rank,New Price,List Price
"19/08/2024, 15:59:56","1896","159.99","159.99"
"19/08/2024, 20:34:49","1913","159.99","159.99"
"20/08/2024, 02:36:08","2135","159.99","159.99"
"20/08/2024, 06:36:38","1950","159.99","159.99"
"20/08/2024, 10:04:43","2056","159.99","159.99"
"20/08/2024, 14:57:44","2175","159.99","159.99"
"22/08/2024, 05:16:46","2637","159.99","159.99"
"22/08/2024, 09:20:19","2720","159.99","159.99"
"22/08/2024, 13:39:57","2290","159.99","159.99"
"22/08/2024, 22:04:41","2534","159.99","159.99"
"23/08/2024, 02:05:08","2537","159.99","159.99"
"23/08/2024, 06:05:42","2476","159.99","159.99"
"23/08/2024, 10:10:28","2491","159.99","159.99"
"23/08/2024, 18:45:01","2505","159.99","159.99"
"24/08/2024, 06:57:55","2392","159.99","159.99"
"24/08/2024, 11:05:31","2200","159.99","159.99"
"24/08/2024, 15:27:38","2344","159.99","159.99"
"24/08/2024, 19:49:28","2440","159.99","159.99"
"24/08/2024, 23:50:08","2463","159.99","159.99"
"25/08/2024, 03:50:39","2402","159.99","159.99"
"25/08/2024, 07:51:30","2287","159.99","159.99"
"25/08/2024, 12:00:37","2009","159.99","159.99"
"25/08/2024, 16:06:31","2065","159.99","159.99"
"25/08/2024, 20:14:12","2264","159.99","159.99"
"26/08/2024, 00:15:04","2640","159.99","159.99"
"26/08/2024, 04:15:33","2769","159.99","159.99"
"26/08/2024, 08:16:14","2320","159.99","159.99"
"26/08/2024, 12:24:52","2146","159.99","159.99"
"26/08/2024, 16:41:26","2095","159.99","159.99"
"26/08/2024, 21:04:32","2157","159.99","159.99"
"27/08/2024, 01:05:08","2632","159.99","159.99"
"27/08/2024, 09:06:38","2689","159.99","159.99"
"27/08/2024, 13:26:24","2315","159.99","159.99"
"27/08/2024, 17:45:16","2295","159.99","159.99"
"27/08/2024, 22:00:20","2525","159.99","159.99"
"28/08/2024, 02:01:05","2598","159.99","159.99"
"28/08/2024, 06:01:44","2962","159.99","159.99"
"28/08/2024, 14:15:31","3492","159.99","159.99"
"28/08/2024, 18:25:43","3445","159.99","159.99"
"28/08/2024, 22:34:07","3689","159.99","159.99"
"29/08/2024, 02:34:44","3111","159.99","159.99"
"29/08/2024, 06:35:26","2754","159.99","159.99"
"29/08/2024, 10:36:22","2455","159.99","159.99"
"29/08/2024, 14:42:37","2439","159.99","159.99"
"30/08/2024, 03:02:06","2864","159.99","159.99"
"30/08/2024, 07:02:41","2775","159.99","159.99"
"30/08/2024, 19:14:29","3059","159.99","159.99"
"30/08/2024, 23:15:56","2696","159.99","159.99"
"31/08/2024, 03:16:22","2589","159.99","159.99"
"31/08/2024, 07:17:08","2606","159.99","159.99"
"31/08/2024, 11:17:56","2666","159.99","159.99"
"31/08/2024, 15:19:17","2652","159.99","159.99"
"31/08/2024, 19:20:11","2828","159.99","159.99"
"31/08/2024, 23:20:59","3068","159.99","159.99"
"01/09/2024, 03:21:26","2970","159.99","159.99"
"01/09/2024, 07:22:20","2695","159.99","159.99"
"01/09/2024, 11:23:14","2673","159.99","159.99"
"01/09/2024, 15:25:00","2576","159.99","159.99"
"01/09/2024, 19:26:14","2658","159.99","159.99"
"01/09/2024, 23:27:07","2293","159.99","159.99"
"02/09/2024, 03:27:25","2373","159.99","159.99"
"02/09/2024, 07:28:14","2485","159.99","159.99"
"02/09/2024, 11:29:06","2450","159.99","159.99"
"02/09/2024, 19:37:32","2686","159.99","159.99"
"02/09/2024, 23:47:25","2615","159.99","159.99"
"03/09/2024, 03:48:05","2540","159.99","159.99"
"03/09/2024, 07:48:39","2747","159.99","159.99"
"03/09/2024, 11:58:45","2827","159.99","159.99"
"03/09/2024, 16:23:34","2757","159.99","159.99"
"03/09/2024, 20:58:57","2817","159.99","159.99"
"04/09/2024, 01:40:47","2757","159.99","159.99"
"04/09/2024, 05:41:23","2978","159.99","159.99"
"04/09/2024, 09:42:30","2819","159.99","159.99"
"04/09/2024, 13:52:06","2827","159.99","159.99"
"04/09/2024, 18:15:57","2757","159.99","159.99"
"04/09/2024, 22:16:45","3204","159.99","159.99"
"05/09/2024, 02:17:24","3688","159.99","159.99"
"05/09/2024, 06:18:12","3277","159.99","159.99"
"05/09/2024, 10:19:41","4319","159.99","159.99"
"05/09/2024, 19:25:29","3959","159.99","159.99"
"06/09/2024, 03:24:43","3366","159.99","159.99"
"06/09/2024, 07:25:25","3076","159.99","159.99"
"06/09/2024, 11:33:25","2944","159.99","159.99"
"06/09/2024, 15:34:11","3187","159.99","159.99"
"06/09/2024, 19:35:12","3272","159.99","159.99"
"06/09/2024, 23:45:53","3065","159.99","159.99"
"07/09/2024, 04:25:30","3393","159.99","159.99"
"07/09/2024, 08:26:05","3105","159.99","159.99"
"07/09/2024, 12:27:12","2902","159.99","159.99"
"07/09/2024, 16:28:03","2847","159.99","159.99"
"07/09/2024, 20:28:32","3156","159.99","159.99"
"08/09/2024, 00:33:18","3260","159.99","159.99"
"08/09/2024, 04:49:42","2811","159.99","159.99"
"08/09/2024, 08:50:19","2760","159.99","159.99"
"08/09/2024, 12:51:33","2890","159.99","159.99"
"08/09/2024, 16:52:12","3159","159.99","159.99"
"08/09/2024, 20:59:15","3214","159.99","159.99"
"09/09/2024, 01:04:47","3194","159.99","159.99"
"09/09/2024, 05:15:57","3169","159.99","159.99"
"09/09/2024, 09:16:28","2989","159.99","159.99"
"09/09/2024, 13:19:20","2834","159.99","159.99"
"09/09/2024, 17:20:05","2730","159.99","159.99"
"09/09/2024, 21:36:52","2758","159.99","159.99"
"10/09/2024, 01:45:15","3297","159.99","159.99"
"10/09/2024, 06:02:24","3454","159.99","159.99"
"10/09/2024, 10:03:07","3785","159.99","159.99"
"10/09/2024, 14:03:43","3793","159.99","159.99"
"10/09/2024, 18:04:27","3966","159.99","159.99"
"10/09/2024, 22:19:03","3745","159.99","159.99"
"11/09/2024, 02:32:27","4032","159.99","159.99"
"11/09/2024, 06:45:35","3451","159.99","159.99"
"11/09/2024, 10:46:07","3045","159.99","159.99"
"11/09/2024, 16:18:15","3388","159.99","159.99"
"11/09/2024, 20:26:05","3736","159.99","159.99"
"12/09/2024, 00:26:36","3831","159.99","159.99"
"12/09/2024, 04:48:31","4134","159.99","159.99"
"12/09/2024, 09:20:52","3636","159.99","159.99"
"12/09/2024, 13:21:07","4232","159.99","159.99"
"12/09/2024, 17:21:55","4310","159.99","159.99"
"12/09/2024, 21:47:07","4436","159.99","159.99"
"13/09/2024, 01:47:42","4240","159.99","159.99"
"13/09/2024, 06:03:00","4600","159.99","159.99"
"13/09/2024, 10:05:15","4110","159.99","159.99"
"13/09/2024, 14:06:07","4511","159.99","159.99"
"13/09/2024, 18:06:44","4612","159.99","159.99"
"13/09/2024, 22:20:40","4004","159.99","159.99"
"14/09/2024, 02:22:28","3561","159.99","159.99"
"14/09/2024, 06:30:33","3221","159.99","159.99"
"14/09/2024, 10:35:53","3154","159.99","159.99"
"14/09/2024, 14:36:25","3021","159.99","159.99"
"14/09/2024, 18:37:06","3033","159.99","159.99"
"14/09/2024, 22:42:17","2955","159.99","159.99"
"15/09/2024, 02:44:15","2933","159.99","159.99"
"15/09/2024, 06:48:13","3132","159.99","159.99"
"15/09/2024, 10:51:39","3114","159.99","159.99"
"15/09/2024, 14:52:23","2970","159.99","159.99"
"15/09/2024, 18:53:20","3245","159.99","159.99"
"15/09/2024, 22:55:56","4158","159.99","159.99"
"16/09/2024, 02:56:29","3870","159.99","159.99"
"16/09/2024, 06:58:18","3606","159.99","159.99"
"16/09/2024, 10:59:34","3942","159.99","159.99"
"16/09/2024, 15:00:10","3444","159.99","159.99"
"16/09/2024, 19:01:14","3302","159.99","159.99"
"16/09/2024, 23:12:56","3771","159.99","159.99"
"17/09/2024, 03:22:10","4118","159.99","159.99"
"17/09/2024, 07:45:58","4098","159.99","159.99"
"17/09/2024, 11:50:13","3216","159.99","159.99"
"17/09/2024, 15:51:04","3399","159.99","159.99"
"17/09/2024, 19:59:46","3398","159.99","159.99"
"18/09/2024, 00:35:30","3131","159.99","159.99"
"18/09/2024, 05:10:14","3233","159.99","159.99"
"18/09/2024, 09:11:35","3347","159.99","159.99"
"18/09/2024, 13:12:07","3166","159.99","159.99"
"18/09/2024, 17:12:47","3147","159.99","159.99"
"18/09/2024, 21:13:34","3104","159.99","159.99"
"19/09/2024, 01:16:47","3666","159.99","159.99"
"19/09/2024, 05:17:47","3587","159.99","159.99"
"19/09/2024, 09:20:12","3975","159.99","159.99"
"19/09/2024, 13:21:03","4058","159.99","159.99"
"19/09/2024, 17:21:41","3996","159.99","159.99"
"19/09/2024, 21:22:59","4552","159.99","159.99"
"20/09/2024, 01:23:58","3810","159.99","159.99"
"20/09/2024, 05:24:48","4427","159.99","159.99"
"20/09/2024, 09:25:40","4551","159.99","159.99"
"20/09/2024, 13:26:21","4655","159.99","159.99"
"20/09/2024, 17:27:08","4357","159.99","159.99"
"20/09/2024, 21:27:57","3732","159.99","159.99"
"21/09/2024, 01:29:29","4805","159.99","159.99"
"21/09/2024, 05:30:47","3569","159.99","159.99"
"21/09/2024, 09:31:30","3406","159.99","159.99"
"21/09/2024, 13:32:06","3358","159.99","159.99"
"21/09/2024, 17:32:40","3481","159.99","159.99"
"21/09/2024, 21:33:35","3685","159.99","159.99"
"22/09/2024, 05:35:41","3460","159.99","159.99"
"22/09/2024, 09:36:29","4349","159.99","159.99"
"22/09/2024, 13:37:07","3820","159.99","159.99"
"22/09/2024, 17:37:43","3721","159.99","159.99"
"23/09/2024, 01:39:46","4942","159.99","159.99"
"23/09/2024, 05:40:49","4212","159.99","159.99"
"23/09/2024, 09:41:43","3707","159.99","159.99"
"23/09/2024, 13:42:10","3715","159.99","159.99"
"23/09/2024, 17:42:44","3582","159.99","159.99"
"23/09/2024, 21:44:12","4053","159.99","159.99"
"24/09/2024, 01:46:09","3609","159.99","159.99"
"24/09/2024, 05:46:59","3708","159.99","159.99"
"24/09/2024, 09:47:58","4074","159.99","159.99"
"24/09/2024, 13:48:26","4712","159.99","159.99"
"24/09/2024, 17:49:24","4483","159.99","159.99"
"24/09/2024, 21:50:50","4737","159.99","159.99"
"25/09/2024, 01:51:56","4509","159.99","159.99"
"25/09/2024, 05:52:48","4322","159.99","159.99"
"25/09/2024, 09:53:38","4079","159.99","159.99"
"25/09/2024, 13:54:21","4265","159.99","159.99"
"25/09/2024, 17:55:07","4102","159.99","159.99"
"25/09/2024, 21:55:51","4645","159.99","159.99"
"26/09/2024, 01:56:38","5069","159.99","159.99"
"26/09/2024, 10:04:55","5035","159.99","159.99"
"26/09/2024, 18:06:14","4685","159.99","159.99"
"26/09/2024, 22:07:17","3739","159.99","159.99"
"27/09/2024, 02:08:46","4008","159.99","159.99"
"27/09/2024, 06:11:32","4242","159.99","159.99"
"27/09/2024, 10:12:24","4139","159.99","159.99"
"27/09/2024, 14:13:06","4546","159.99","159.99"
"27/09/2024, 18:13:41","4208","159.99","159.99"
"27/09/2024, 22:14:26","4064","159.99","159.99"
"28/09/2024, 02:15:21","3780","159.99","159.99"
"28/09/2024, 06:16:16","3782","159.99","159.99"
"28/09/2024, 10:17:14","3344","159.99","159.99"
"28/09/2024, 14:18:06","3409","159.99","159.99"
"28/09/2024, 18:18:44","3508","159.99","159.99"
"28/09/2024, 22:19:44","3581","159.99","159.99"
"29/09/2024, 02:20:53","3174","159.99","159.99"
"29/09/2024, 06:21:34","3420","159.99","159.99"
"29/09/2024, 10:22:33","3429","159.99","159.99"
"29/09/2024, 14:23:22","3105","159.99","159.99"
"29/09/2024, 18:24:14","3055","159.99","159.99"
"29/09/2024, 22:25:00","3027","159.99","159.99"
"30/09/2024, 02:28:43","3622","159.99","159.99"
"30/09/2024, 06:29:39","3263","159.99","159.99"
"30/09/2024, 10:30:39","3721","159.99","159.99"
"30/09/2024, 14:32:43","3611","159.99","159.99"
"30/09/2024, 18:33:22","3596","159.99","159.99"
"30/09/2024, 23:02:50","4147","159.99","159.99"
"01/10/2024, 07:52:41","4966","159.99","159.99"
"01/10/2024, 12:04:16","5118","159.99","159.99"
"01/10/2024, 16:05:06","5333","159.99","159.99"
"01/10/2024, 20:05:47","4784","159.99","159.99"
"02/10/2024, 00:08:16","4331","159.99","159.99"
"02/10/2024, 12:14:08","4879","159.99","159.99"
"02/10/2024, 16:14:42","4458","159.99","159.99"
"02/10/2024, 20:15:32","4675","159.99","159.99"
"03/10/2024, 00:17:43","4414","159.99","159.99"
"03/10/2024, 04:23:23","4193","159.99","159.99"
"03/10/2024, 08:24:15","4146","159.99","159.99"
"03/10/2024, 12:39:02","3944","159.99","159.99"
"03/10/2024, 16:39:37","4130","159.99","159.99"
"03/10/2024, 20:40:29","4064","159.99","159.99"
"04/10/2024, 00:42:49","4349","159.99","159.99"
"04/10/2024, 08:44:12","3526","159.99","159.99"
"04/10/2024, 12:45:04","4155","159.99","159.99"
"04/10/2024, 16:45:27","4343","159.99","159.99"
"04/10/2024, 20:46:19","4546","159.99","159.99"
"05/10/2024, 00:47:15","4615","159.99","159.99"
"05/10/2024, 04:48:04","3762","159.99","159.99"
"05/10/2024, 08:48:46","3638","159.99","159.99"
"05/10/2024, 12:49:34","3674","159.99","159.99"
"05/10/2024, 16:50:08","3794","159.99","159.99"
"05/10/2024, 20:50:38","3080","159.99","159.99"
"06/10/2024, 00:51:31","3082","159.99","159.99"
"06/10/2024, 04:52:23","3518","159.99","159.99"
"06/10/2024, 12:53:47","3288","159.99","159.99"
"06/10/2024, 16:54:20","3159","159.99","159.99"
"06/10/2024, 20:55:07","3112","159.99","159.99"
"07/10/2024, 00:55:52","2762","159.99","159.99"
"07/10/2024, 04:56:38","3046","159.99","159.99"
"07/10/2024, 08:57:24","3455","159.99","159.99"
"07/10/2024, 12:58:05","3178","159.99","159.99"
"07/10/2024, 16:58:27","3451","159.99","159.99"
"07/10/2024, 20:59:20","3781","159.99","159.99"
"08/10/2024, 01:00:17","3470","159.99","159.99"
"08/10/2024, 05:00:57","4059","159.99","159.99"
"08/10/2024, 09:01:37","3854","159.99","159.99"
"08/10/2024, 13:02:20","4089","159.99","159.99"
"08/10/2024, 17:03:05","3835","159.99","159.99"
"08/10/2024, 21:03:47","3992","159.99","159.99"
"09/10/2024, 01:04:49","3949","159.99","159.99"
"09/10/2024, 05:05:44","4209","159.99","159.99"
"09/10/2024, 09:06:35","76","227.84","159.99"
"09/10/2024, 12:08:10","21","227.84","159.99"
"09/10/2024, 15:08:37","8","227.84","159.99"
"09/10/2024, 18:09:21","14","227.84","159.99"
"09/10/2024, 21:10:16","19","227.84","159.99"
"10/10/2024, 00:11:59","42","227.84","159.99"
"10/10/2024, 03:12:57","71","159.99","159.99"
"10/10/2024, 09:14:36","169","159.99","159.99"
"10/10/2024, 12:15:06","224","159.99","159.99"
"10/10/2024, 15:15:27","246","159.99","159.99"
"10/10/2024, 18:16:13","232","159.99","159.99"
"10/10/2024, 21:23:30","214","159.99","159.99"
"11/10/2024, 00:28:35","213","159.99","159.99"
"11/10/2024, 03:39:53","216","159.99","159.99"
"11/10/2024, 06:40:39","214","159.99","159.99"
"11/10/2024, 09:41:13","221","159.99","159.99"
"11/10/2024, 12:42:07","219","159.99","159.99"
"11/10/2024, 18:43:07","210","159.99","159.99"
"12/10/2024, 03:45:48","261","159.99","159.99"
"12/10/2024, 06:46:24","282","159.99","159.99"
"12/10/2024, 09:47:15","309","159.99","159.99"
"12/10/2024, 12:48:04","315","159.99","159.99"
"12/10/2024, 15:48:23","307","159.99","159.99"
"12/10/2024, 18:49:06","300","159.99","159.99"
"12/10/2024, 21:49:37","311","159.99","159.99"
"13/10/2024, 00:50:18","335","159.99","159.99"
"13/10/2024, 03:51:11","385","159.99","159.99"
"13/10/2024, 06:51:48","401","159.99","159.99"
"13/10/2024, 09:52:30","421","159.99","159.99"
"13/10/2024, 12:53:22","462","159.99","159.99"
"13/10/2024, 15:54:04","443","159.99","159.99"
"13/10/2024, 18:54:23","435","159.99","159.99"
"13/10/2024, 21:55:20","486","159.99","159.99"
"14/10/2024, 00:56:05","547","159.99","159.99"
"14/10/2024, 03:56:51","679","159.99","159.99"
"14/10/2024, 06:57:24","801","159.99","159.99"
"14/10/2024, 09:58:19","821","159.99","159.99"
"14/10/2024, 12:59:04","886","159.99","159.99"
"14/10/2024, 15:59:24","851","159.99","159.99"
"14/10/2024, 19:00:09","787","159.99","159.99"
"14/10/2024, 22:00:26","920","159.99","159.99"
"15/10/2024, 01:01:17","1140","159.99","159.99"
"15/10/2024, 04:03:22","1231","159.99","159.99"
"15/10/2024, 07:04:07","1261","159.99","159.99"
"15/10/2024, 10:04:51","1484","159.99","159.99"
"15/10/2024, 13:05:25","1459","159.99","159.99"
"15/10/2024, 16:06:06","1408","159.99","159.99"
"15/10/2024, 19:06:39","1306","159.99","159.99"
"15/10/2024, 22:07:22","1259","159.99","159.99"
"16/10/2024, 01:08:06","1541","159.99","159.99"
"16/10/2024, 04:10:17","1645","159.99","159.99"
"16/10/2024, 07:11:11","1563","159.99","159.99"
"16/10/2024, 10:11:53","1776","159.99","159.99"
"16/10/2024, 13:12:23","1809","159.99","159.99"
"16/10/2024, 16:13:13","1780","159.99","159.99"
"16/10/2024, 19:13:39","1714","159.99","159.99"
"16/10/2024, 22:14:20","1790","159.99","159.99"
"17/10/2024, 01:15:07","2001","159.99","159.99"
"17/10/2024, 05:15:34","2261","159.99","159.99"
"17/10/2024, 09:16:20","2290","159.99","159.99"
"17/10/2024, 13:17:07","2369","159.99","159.99"
"17/10/2024, 17:17:25","2210","159.99","159.99"
"18/10/2024, 21:19:05","2234","159.99","159.99"
"19/10/2024, 01:19:36","2070","159.99","159.99"
"19/10/2024, 05:20:11","2338","159.99","159.99"
"19/10/2024, 09:20:40","2703","159.99","159.99"
"19/10/2024, 13:21:22","2446","159.99","159.99"
"19/10/2024, 17:22:06","2354","159.99","159.99"
"20/10/2024, 01:23:19","2557","159.99","159.99"
"20/10/2024, 05:24:04","2517","159.99","159.99"
"20/10/2024, 09:24:40","2323","159.99","159.99"
"20/10/2024, 13:25:22","2424","159.99","159.99"
"20/10/2024, 21:26:34","2198","159.99","159.99"
"21/10/2024, 01:27:19","2791","159.99","159.99"
"21/10/2024, 09:28:28","3128","159.99","159.99"
"21/10/2024, 13:29:21","3215","159.99","159.99"
"21/10/2024, 17:30:06","3021","159.99","159.99"
"21/10/2024, 21:30:28","2664","159.99","159.99"
"22/10/2024, 01:31:20","3203","159.99","159.99"
"22/10/2024, 05:32:05","3482","159.99","159.99"
"22/10/2024, 09:32:39","3678","159.99","159.99"
"22/10/2024, 13:33:17","3752","159.99","159.99"
"22/10/2024, 17:34:04","3701","159.99","159.99"
"22/10/2024, 21:34:26","3766","159.99","159.99"
"23/10/2024, 01:35:22","3817","159.99","159.99"
"23/10/2024, 05:36:06","3770","159.99","159.99"
"23/10/2024, 09:37:58","3836","159.99","159.99"
"23/10/2024, 13:38:20","3909","159.99","159.99"
"23/10/2024, 17:39:05","3749","159.99","159.99"
"23/10/2024, 21:39:37","3983","159.99","159.99"
"24/10/2024, 01:40:31","4329","159.99","159.99"
"24/10/2024, 05:41:19","4390","159.99","159.99"
"24/10/2024, 09:42:32","4304","159.99","159.99"
"24/10/2024, 13:43:19","3884","159.99","159.99"
"24/10/2024, 17:44:06","3634","159.99","159.99"
"24/10/2024, 21:44:43","3533","159.99","159.99"
"25/10/2024, 01:45:34","3875","159.99","159.99"
"25/10/2024, 05:46:22","3868","159.99","159.99"
"25/10/2024, 09:47:09","4682","159.99","159.99"
"25/10/2024, 13:47:33","4808","159.99","159.99"
"25/10/2024, 17:48:07","4135","159.99","159.99"
"25/10/2024, 21:48:36","3985","159.99","159.99"
"26/10/2024, 01:49:22","4068","159.99","159.99"
"26/10/2024, 05:50:19","3256","159.99","159.99"
"26/10/2024, 09:51:04","3434","159.99","159.99"
"26/10/2024, 13:51:34","3448","159.99","159.99"
"26/10/2024, 17:52:21","3367","159.99","159.99"
"26/10/2024, 21:53:10","3350","159.99","159.99"
"27/10/2024, 01:53:50","3445","159.99","159.99"
"27/10/2024, 05:54:45","3528","159.99","159.99"
"27/10/2024, 09:55:31","3539","159.99","159.99"
"27/10/2024, 13:56:07","3701","159.99","159.99"
"27/10/2024, 17:56:40","3427","159.99","159.99"
"27/10/2024, 21:57:31","3470","159.99","159.99"
"28/10/2024, 01:58:07","3493","159.99","159.99"
"28/10/2024, 05:58:41","3476","159.99","159.99"
"28/10/2024, 09:59:34","3518","159.99","159.99"
"28/10/2024, 14:00:22","3638","159.99","159.99"
"28/10/2024, 18:01:05","3570","159.99","159.99"
"28/10/2024, 22:01:49","3726","159.99","159.99"
"29/10/2024, 06:03:34","3472","159.99","159.99"
"29/10/2024, 10:04:27","3442","159.99","159.99"
"29/10/2024, 14:05:13","3727","159.99","159.99"
"29/10/2024, 18:06:04","3712","159.99","159.99"
"29/10/2024, 22:06:33","3604","159.99","159.99"
"30/10/2024, 02:07:25","3230","159.99","159.99"
"30/10/2024, 10:09:05","3423","159.99","159.99"
"30/10/2024, 14:09:36","3440","159.99","159.99"
"30/10/2024, 18:10:20","3415","159.99","159.99"
"30/10/2024, 22:11:03","3791","159.99","159.99"
"31/10/2024, 02:11:42","3638","159.99","159.99"
"31/10/2024, 06:12:36","3080","159.99","159.99"
"31/10/2024, 10:13:28","3252","159.99","159.99"
"31/10/2024, 14:14:07","3184","159.99","159.99"
"31/10/2024, 18:14:47","3225","159.99","159.99"
"31/10/2024, 22:15:23","3266","159.99","159.99"
"01/11/2024, 02:16:17","3132","159.99","159.99"
"01/11/2024, 06:17:03","3032","159.99","159.99"
"01/11/2024, 10:17:21","2828","159.99","159.99"
"01/11/2024, 14:18:05","2447","159.99","159.99"
"01/11/2024, 18:18:34","2323","159.99","159.99"
"01/11/2024, 22:19:22","2175","159.99","159.99"
"02/11/2024, 02:20:11","2549","159.99","159.99"
"02/11/2024, 06:20:50","2552","159.99","159.99"
"02/11/2024, 10:21:35","2557","159.99","159.99"
"02/11/2024, 14:22:21","2811","159.99","159.99"
"02/11/2024, 18:23:06","2795","159.99","159.99"
"02/11/2024, 22:23:28","2554","159.99","159.99"
"03/11/2024, 06:24:52","2579","159.99","159.99"
"03/11/2024, 10:25:32","2600","159.99","159.99"
"03/11/2024, 14:26:09","2936","159.99","159.99"
"03/11/2024, 18:26:38","2908","159.99","159.99"
"03/11/2024, 22:27:21","2687","159.99","159.99"
"04/11/2024, 02:28:07","2345","159.99","159.99"
"04/11/2024, 06:28:46","2274","159.99","159.99"
"04/11/2024, 10:29:26","2282","159.99","159.99"
"04/11/2024, 14:30:15","2374","159.99","159.99"
"04/11/2024, 22:31:32","2520","159.99","159.99"
"05/11/2024, 02:32:17","2548","159.99","159.99"
"05/11/2024, 06:33:03","2375","159.99","159.99"
"05/11/2024, 10:33:23","2387","159.99","159.99"
"05/11/2024, 14:34:06","2446","159.99","159.99"
"05/11/2024, 18:34:32","2496","159.99","159.99"
"05/11/2024, 22:35:17","2773","159.99","159.99"
"06/11/2024, 02:36:04","2983","159.99","159.99"
"06/11/2024, 06:36:41","2726","159.99","159.99"
"06/11/2024, 10:37:22","2621","159.99","159.99"
"06/11/2024, 14:38:17","2688","159.99","159.99"
"06/11/2024, 18:39:04","2687","159.99","159.99"
"06/11/2024, 22:39:20","2887","159.99","159.99"
"07/11/2024, 02:40:12","2782","159.99","159.99"
"07/11/2024, 06:40:58","2881","159.99","159.99"
"07/11/2024, 10:41:27","2957","159.99","159.99"
"07/11/2024, 14:42:22","3047","159.99","159.99"
"07/11/2024, 18:43:07","2991","159.99","159.99"
"07/11/2024, 22:50:45","3036","159.99","159.99"
"08/11/2024, 02:51:27","2825","159.99","159.99"
"08/11/2024, 11:00:40","2970","159.99","159.99"
"08/11/2024, 15:01:18","2731","159.99","159.99"
"08/11/2024, 19:02:07","2733","159.99","159.99"
"08/11/2024, 23:03:18","2831","159.99","159.99"
"09/11/2024, 03:04:04","2736","159.99","159.99"
"09/11/2024, 11:05:24","2543","159.99","159.99"
"09/11/2024, 15:06:20","2691","159.99","159.99"
"09/11/2024, 19:07:06","2754","159.99","159.99"
"09/11/2024, 23:07:51","2708","159.99","159.99"
"10/11/2024, 03:08:36","2576","159.99","159.99"
"10/11/2024, 07:09:23","2705","159.99","159.99"
"10/11/2024, 11:10:08","2668","159.99","159.99"
"10/11/2024, 15:10:40","2657","159.99","159.99"
"10/11/2024, 19:11:23","2643","159.99","159.99"
"10/11/2024, 23:12:17","2881","159.99","159.99"
"11/11/2024, 07:13:44","2320","159.99","159.99"
"11/11/2024, 11:14:34","2357","159.99","159.99"
"11/11/2024, 15:15:25","2450","159.99","159.99"
"11/11/2024, 19:16:07","2474","159.99","159.99"
"11/11/2024, 23:17:26","2458","159.99","159.99"
"12/11/2024, 03:18:28","2099","159.99","159.99"
"12/11/2024, 07:19:21","1938","159.99","159.99"
"12/11/2024, 13:20:24","2442","159.99","159.99"
"12/11/2024, 17:21:06","2436","159.99","159.99"
"12/11/2024, 21:21:24","2339","159.99","159.99"
"13/11/2024, 05:22:47","2493","159.99","159.99"
"13/11/2024, 13:24:08","2269","159.99","159.99"
"13/11/2024, 17:54:21","2333","159.99","159.99"
"13/11/2024, 21:55:06","2475","159.99","159.99"
"14/11/2024, 06:00:48","2264","159.99","159.99"
"14/11/2024, 10:01:31","2435","159.99","159.99"
"14/11/2024, 14:02:06","2465","159.99","159.99"
"14/11/2024, 18:02:47","2396","159.99","159.99"
"14/11/2024, 22:03:32","2357","159.99","159.99"
"15/11/2024, 02:04:18","2271","159.99","159.99"
"15/11/2024, 06:05:47","2277","159.99","159.99"
"15/11/2024, 10:06:31","2313","159.99","159.99"
"15/11/2024, 14:07:17","2641","159.99","159.99"
"15/11/2024, 18:08:04","2644","159.99","159.99"
"15/11/2024, 22:08:22","2731","159.99","159.99"
"16/11/2024, 02:09:14","2554","159.99","159.99"
"16/11/2024, 06:10:17","2663","159.99","159.99"
"16/11/2024, 10:11:03","2689","159.99","159.99"
"16/11/2024, 14:11:33","2805","159.99","159.99"
"16/11/2024, 18:12:22","2815","159.99","159.99"
"17/11/2024, 02:13:46","2720","159.99","159.99"
"17/11/2024, 10:15:32","2849","159.99","159.99"
"17/11/2024, 14:16:07","2986","159.99","159.99"
"17/11/2024, 18:16:48","2984","159.99","159.99"
"17/11/2024, 22:17:26","3292","159.99","159.99"
"18/11/2024, 02:18:09","3331","159.99","159.99"
"18/11/2024, 06:18:50","2794","159.99","159.99"
"18/11/2024, 10:19:46","2550","159.99","159.99"
"18/11/2024, 14:20:20","2730","159.99","159.99"
"18/11/2024, 18:21:06","2657","159.99","159.99"
"18/11/2024, 22:21:36","2756","159.99","159.99"
"19/11/2024, 02:22:21","2636","159.99","159.99"
"19/11/2024, 06:23:11","2715","159.99","159.99"
"19/11/2024, 10:23:48","2716","159.99","159.99"
"19/11/2024, 14:26:11","2527","159.99","159.99"
"19/11/2024, 18:26:59","2564","159.99","159.99"
"19/11/2024, 22:27:39","2669","159.99","159.99"
"20/11/2024, 02:28:53","2590","159.99","159.99"
"20/11/2024, 06:29:56","2612","159.99","159.99"
"20/11/2024, 10:30:35","2679","159.99","159.99"
"20/11/2024, 14:31:21","2722","159.99","159.99"
"20/11/2024, 22:32:44","2664","159.99","159.99"
"21/11/2024, 02:33:45","2869","159.99","159.99"
"21/11/2024, 06:35:01","2651","159.99","159.99"
"21/11/2024, 10:35:34","2759","159.99","159.99"
"21/11/2024, 14:36:20","2740","159.99","159.99"
"21/11/2024, 18:37:06","2836","159.99","159.99"
"21/11/2024, 22:39:16","3130","159.99","159.99"
"22/11/2024, 02:57:25","3169","159.99","159.99"
"22/11/2024, 06:58:35","3399","159.99","159.99"
"22/11/2024, 10:59:17","3213","159.99","159.99"
"22/11/2024, 15:00:06","3223","159.99","159.99"
"22/11/2024, 19:00:51","3319","159.99","159.99"
"22/11/2024, 23:06:22","3516","159.99","159.99"
"23/11/2024, 03:26:55","3174","159.99","159.99"
"23/11/2024, 07:27:50","3058","159.99","159.99"
"23/11/2024, 11:28:20","3119","159.99","159.99"
"23/11/2024, 15:29:16","2986","159.99","159.99"
"23/11/2024, 19:30:05","3016","159.99","159.99"
"23/11/2024, 23:30:27","3053","159.99","159.99"
"24/11/2024, 03:31:51","2937","159.99","159.99"
"24/11/2024, 07:32:48","2491","159.99","159.99"
"24/11/2024, 11:33:32","2540","159.99","159.99"
"24/11/2024, 15:34:18","2624","159.99","159.99"
"24/11/2024, 19:35:04","2685","159.99","159.99"
"24/11/2024, 23:35:23","2642","159.99","159.99"
"25/11/2024, 03:36:35","2385","159.99","159.99"
"25/11/2024, 07:37:27","2261","159.99","159.99"
"25/11/2024, 11:38:20","2332","159.99","159.99"
"25/11/2024, 15:39:06","2409","159.99","159.99"
"25/11/2024, 19:39:46","2439","159.99","159.99"
"25/11/2024, 23:40:21","2487","159.99","159.99"
"26/11/2024, 03:48:32","2596","159.99","159.99"
"26/11/2024, 07:49:31","2427","159.99","159.99"
"26/11/2024, 11:50:18","2429","159.99","159.99"
"26/11/2024, 15:51:04","2501","159.99","159.99"
"26/11/2024, 19:51:36","2540","159.99","159.99"
"26/11/2024, 23:52:20","2586","159.99","159.99"
"27/11/2024, 03:54:11","2454","159.99","159.99"
"27/11/2024, 07:54:57","2313","159.99","159.99"
"27/11/2024, 11:55:36","2333","159.99","159.99"
"27/11/2024, 15:56:21","2380","159.99","159.99"
"27/11/2024, 19:57:07","2396","159.99","159.99"
"27/11/2024, 23:57:46","2384","159.99","159.99"
"28/11/2024, 03:58:49","2294","159.99","159.99"
"28/11/2024, 07:59:48","2209","159.99","159.99"
"28/11/2024, 12:00:36","2204","159.99","159.99"
"28/11/2024, 16:01:18","2200","159.99","159.99"
"28/11/2024, 20:02:05","2300","159.99","159.99"
"29/11/2024, 00:02:37","2157","159.99","159.99"
"29/11/2024, 04:03:44","2251","159.99","159.99"
"29/11/2024, 08:04:47","2160","159.99","159.99"
"29/11/2024, 12:05:43","2231","159.99","159.99"
"29/11/2024, 16:06:28","2230","159.99","159.99"
"29/11/2024, 20:07:21","2251","159.99","159.99"
"30/11/2024, 00:08:06","1690","159.99","159.99"
"30/11/2024, 03:09:16","1539","159.99","159.99"
"30/11/2024, 06:10:32","1517","159.99","159.99"
"30/11/2024, 09:11:12","1530","159.99","159.99"
"30/11/2024, 12:11:49","1638","159.99","159.99"
"30/11/2024, 15:12:35","1723","159.99","159.99"
"30/11/2024, 18:13:24","1722","159.99","159.99"
"30/11/2024, 21:14:11","1742","159.99","159.99"
"01/12/2024, 00:14:49","1721","159.99","159.99"
"01/12/2024, 03:15:37","1622","159.99","159.99"
"01/12/2024, 06:16:48","1530","159.99","159.99"
"01/12/2024, 09:17:34","1522","159.99","159.99"
"01/12/2024, 12:18:23","1582","159.99","159.99"
"01/12/2024, 15:19:14","1603","159.99","159.99"
"01/12/2024, 18:20:05","1615","159.99","159.99"
"01/12/2024, 21:20:38","1719","159.99","159.99"
"02/12/2024, 00:21:21","1755","159.99","159.99"
"02/12/2024, 03:22:10","1596","159.99","159.99"
"02/12/2024, 06:23:10","1578","159.99","159.99"
"02/12/2024, 09:23:49","1597","159.48","159.99"
"02/12/2024, 12:24:31","1569","159.48","159.99"
"02/12/2024, 15:25:09","1597","159.48","159.99"
"02/12/2024, 18:25:48","987","159.5","159.99"
"02/12/2024, 21:26:26","462","159.99","159.99"
"03/12/2024, 00:27:09","471","159.5","159.99"
"03/12/2024, 03:28:10","771","159.99","159.99"
"03/12/2024, 06:30:44","998","159.99","159.99"
"03/12/2024, 09:31:23","1089","159.99","159.99"
"03/12/2024, 12:32:07","1354","159.99","159.99"
"03/12/2024, 15:32:46","1411","159.99","159.99"
"03/12/2024, 18:33:28","1401","159.99","159.99"
"03/12/2024, 21:34:12","1392","159.99","159.99"
"04/12/2024, 00:34:49","1328","159.99","159.99"
"04/12/2024, 03:35:46","1311","159.99","159.99"
"04/12/2024, 06:38:41","1310","159.99","159.99"
"04/12/2024, 09:39:23","1287","159.99","159.99"
"04/12/2024, 12:40:08","1281","159.99","159.99"
"04/12/2024, 15:40:37","1313","159.99","159.99"
"04/12/2024, 18:41:21","1325","159.99","159.99"
"04/12/2024, 21:42:07","1319","159.99","159.99"
"05/12/2024, 00:42:43","1270","159.99","159.99"
"05/12/2024, 03:43:31","1273","159.99","159.99"
"05/12/2024, 06:44:12","1292","159.99","159.99"
"05/12/2024, 09:44:48","1250","159.99","159.99"
"05/12/2024, 12:46:41","1235","159.99","159.99"
"05/12/2024, 15:47:30","1260","159.99","159.99"
"05/12/2024, 18:48:19","1271","159.99","159.99"
"05/12/2024, 21:49:05","1317","159.99","159.99"
"06/12/2024, 00:52:53","1291","159.99","159.99"
"06/12/2024, 04:04:46","1292","159.99","159.99"
"06/12/2024, 07:07:38","1239","159.99","159.99"
"06/12/2024, 10:08:19","1184","159.99","159.99"
"06/12/2024, 13:09:32","1199","159.5","159.99"
"06/12/2024, 16:10:08","1186","159.5","159.99"
"06/12/2024, 19:10:45","1219","159.99","159.99"
"06/12/2024, 22:11:23","1186","159.99","159.99"
"07/12/2024, 01:14:09","1150","159.99","159.99"
"07/12/2024, 04:14:47","1126","159.99","159.99"
"07/12/2024, 10:16:19","1152","159.99","159.99"
"07/12/2024, 13:17:05","1231","159.99","159.99"
"07/12/2024, 16:17:36","1266","159.99","159.99"
"07/12/2024, 19:18:24","1240","159.99","159.99"
"07/12/2024, 22:19:07","1254","159.99","159.99"
"08/12/2024, 01:19:53","1185","159.99","159.99"
"08/12/2024, 04:20:34","1122","159.99","159.99"
"08/12/2024, 07:21:25","1055","159.99","159.99"
"08/12/2024, 10:22:18","1069","159.99","159.99"
"08/12/2024, 13:23:06","1068","159.99","159.99"
"08/12/2024, 16:23:44","1088","159.99","159.99"
"08/12/2024, 19:24:38","1122","159.99","159.99"
"08/12/2024, 22:25:22","1116","159.99","159.99"
"09/12/2024, 01:26:19","1069","159.99","159.99"
"09/12/2024, 04:27:11","989","159.99","159.99"
"09/12/2024, 07:28:20","964","159.99","159.99"
"09/12/2024, 10:29:13","948","159.99","159.99"
"09/12/2024, 13:29:37","897","159.99","159.99"
"09/12/2024, 16:30:23","890","159.99","159.99"
"09/12/2024, 19:31:05","902","159.99","159.99"
"09/12/2024, 22:31:25","926","159.99","159.99"
"10/12/2024, 01:32:20","935","159.99","159.99"
"10/12/2024, 04:33:05","912","159.99","159.99"
"11/12/2024, 07:34:57","919","159.99","159.99"
"11/12/2024, 10:35:20","931","159.99","159.99"
"11/12/2024, 13:36:06","929","159.99","159.99"
"11/12/2024, 16:36:22","951","159.99","159.99"
"11/12/2024, 19:37:19","976","159.99","159.99"
"11/12/2024, 22:38:04","988","159.99","159.99"
"12/12/2024, 01:38:34","991","159.99","159.99"
"12/12/2024, 04:39:41","1024","159.99","159.99"
"12/12/2024, 07:40:32","1026","159.99","159.99"
"12/12/2024, 10:41:21","1041","159.99","159.99"
"12/12/2024, 16:42:24","1043","159.99","159.99"
"12/12/2024, 19:43:12","1031","159.99","159.99"
"12/12/2024, 22:44:04","1018","159.99","159.99"
"13/12/2024, 01:44:30","1007","159.99","159.99"
"13/12/2024, 04:45:21","1003","159.99","159.99"
"13/12/2024, 07:46:12","1009","159.99","159.99"
"13/12/2024, 10:47:03","1048","159.99","159.99"
"13/12/2024, 13:47:24","1044","159.99","159.99"
"13/12/2024, 16:48:07","1054","159.99","159.99"
"13/12/2024, 19:48:48","1084","159.99","159.99"
"13/12/2024, 22:49:22","1069","159.99","159.99"
"14/12/2024, 01:50:20","994","159.99","159.99"
"14/12/2024, 04:51:09","1020","159.99","159.99"
"14/12/2024, 07:51:52","1019","159.99","159.99"
"14/12/2024, 10:52:20","1022","159.99","159.99"
"14/12/2024, 13:53:07","996","159.99","159.99"
"14/12/2024, 16:53:25","1018","159.99","159.99"
"14/12/2024, 19:54:18","1026","159.99","159.99"
"14/12/2024, 22:55:05","1020","159.99","159.99"
"15/12/2024, 01:55:22","973","159.99","159.99"
"15/12/2024, 04:56:10","985","159.99","159.99"
"15/12/2024, 07:57:22","999","159.99","159.99"
"15/12/2024, 10:58:09","996","159.99","159.99"
"15/12/2024, 13:59:03","990","159.99","159.99"
"15/12/2024, 16:59:24","1012","159.99","159.99"
"15/12/2024, 20:00:18","1020","159.99","159.99"
"15/12/2024, 23:01:03","1041","159.99","159.99"
"16/12/2024, 02:01:35","1033","159.99","159.99"
"16/12/2024, 05:02:35","996","159.99","159.99"
"16/12/2024, 08:03:53","937","159.99","159.99"
"16/12/2024, 11:04:18","934","159.99","159.99"
"16/12/2024, 14:05:07","958","159.99","159.99"
"16/12/2024, 17:05:34","956","159.99","159.99"
"16/12/2024, 20:06:23","966","159.99","159.99"
"16/12/2024, 23:07:06","975","159.99","159.99"
"17/12/2024, 02:07:39","976","159.99","159.99"
"17/12/2024, 05:10:51","980","159.99","159.99"
"17/12/2024, 08:12:12","949","159.99","159.99"
"17/12/2024, 11:13:04","940","159.99","159.99"
"17/12/2024, 14:13:21","910","159.99","159.99"
"17/12/2024, 17:14:05","900","159.99","159.99"
"17/12/2024, 20:14:48","948","159.99","159.99"
"17/12/2024, 23:15:09","946","159.99","159.99"
"18/12/2024, 02:15:50","957","159.99","159.99"
"18/12/2024, 05:16:53","925","159.99","159.99"
"18/12/2024, 08:17:41","883","159.99","159.99"
"18/12/2024, 11:18:21","860","159.99","159.99"
"18/12/2024, 14:19:06","843","159.99","159.99"
"18/12/2024, 17:19:35","844","159.99","159.99"
"18/12/2024, 20:20:21","884","159.99","159.99"
"18/12/2024, 23:21:04","882","159.99","159.99"
"19/12/2024, 02:21:35","854","159.99","159.99"
"19/12/2024, 05:22:22","820","159.99","159.99"
"19/12/2024, 08:23:11","772","159.99","159.99"
"19/12/2024, 11:24:04","767","159.99","159.99"
"19/12/2024, 14:24:31","776","159.99","159.99"
"19/12/2024, 17:25:06","810","159.99","159.99"
"19/12/2024, 20:25:38","849","159.99","159.99"
"19/12/2024, 23:26:20","913","159.99","159.99"
"20/12/2024, 02:27:07","867","159.99","159.99"
"20/12/2024, 05:27:48","836","159.99","159.99"
"20/12/2024, 08:28:48","824","159.99","159.99"
"20/12/2024, 11:29:32","801","159.99","159.99"
"20/12/2024, 14:30:10","794","159.99","159.99"
"20/12/2024, 17:30:33","791","159.99","159.99"
"20/12/2024, 20:31:24","781","159.99","159.99"
"20/12/2024, 23:32:08","765","159.99","159.99"
"21/12/2024, 02:32:34","756","159.99","159.99"
"21/12/2024, 05:33:33","716","159.99","159.99"
"21/12/2024, 08:34:31","728","159.99","159.99"
"21/12/2024, 11:35:18","724","159.99","159.99"
"21/12/2024, 14:36:05","773","159.99","159.99"
"21/12/2024, 17:36:21","779","159.99","159.99"
"21/12/2024, 20:37:06","792","159.99","159.99"
"21/12/2024, 23:37:26","808","159.99","159.99"
"22/12/2024, 02:38:06","789","159.99","159.99"
"22/12/2024, 05:38:52","760","159.99","159.99"
"22/12/2024, 08:39:45","742","159.99","159.99"
"22/12/2024, 11:40:19","728","159.99","159.99"
"22/12/2024, 14:41:05","729","159.99","159.99"
"22/12/2024, 17:41:24","734","159.99","159.99"
"22/12/2024, 20:42:12","755","159.99","159.99"
"22/12/2024, 23:43:05","799","159.99","159.99"
"23/12/2024, 02:43:34","768","159.99","159.99"
"23/12/2024, 05:44:32","779","159.99","159.99"
"23/12/2024, 08:45:24","777","159.99","159.99"
"23/12/2024, 11:46:18","829","159.99","159.99"
"23/12/2024, 14:47:05","876","159.99","159.99"
"23/12/2024, 17:47:21","882","159.99","159.99"
"23/12/2024, 20:48:07","884","159.99","159.99"
"23/12/2024, 23:48:34","955","159.99","159.99"
"24/12/2024, 02:49:19","974","159.99","159.99"
"24/12/2024, 05:50:06","1012","159.99","159.99"
"24/12/2024, 08:50:51","1076","159.99","159.99"
"24/12/2024, 11:51:20","1130","159.99","159.99"
"24/12/2024, 14:52:05","1139","159.99","159.99"
"24/12/2024, 17:52:32","1147","159.99","159.99"
"24/12/2024, 20:53:26","1116","159.99","159.99"
"24/12/2024, 23:54:10","1108","159.99","159.99"
"25/12/2024, 02:55:04","1144","159.99","159.99"
"25/12/2024, 05:55:46","1161","159.99","159.99"
"25/12/2024, 08:56:44","1153","159.99","159.99"
"25/12/2024, 11:57:23","1040","159.99","159.99"
"25/12/2024, 14:58:18","978","159.99","159.99"
"25/12/2024, 17:59:04","957","159.99","159.99"
"25/12/2024, 20:59:47","927","159.99","159.99"
"26/12/2024, 00:00:22","797","159.99","159.99"
"26/12/2024, 03:01:04","716","159.99","159.99"
"26/12/2024, 06:01:54","724","159.99","159.99"
"26/12/2024, 09:02:41","680","159.99","159.99"
"26/12/2024, 12:03:21","653","159.99","159.99"
"26/12/2024, 15:04:05","676","159.99","159.99"
"26/12/2024, 18:04:34","687","159.99","159.99"
"26/12/2024, 21:05:22","694","159.99","159.99"
"27/12/2024, 00:06:10","736","159.99","159.99"
"27/12/2024, 03:06:53","801","159.99","159.99"
"27/12/2024, 06:07:50","805","159.99","159.99"
"27/12/2024, 09:08:48","795","159.99","159.99"
"27/12/2024, 12:09:34","871","159.99","159.99"
"27/12/2024, 15:10:22","898","159.99","159.99"
"27/12/2024, 18:11:09","896","159.99","159.99"
"27/12/2024, 21:11:49","907","159.99","159.99"
"28/12/2024, 00:12:36","926","159.99","159.99"
"28/12/2024, 03:13:19","915","159.99","159.99"
"28/12/2024, 06:14:05","933","159.99","159.99"
"28/12/2024, 09:15:16","882","159.99","159.99"
"28/12/2024, 12:16:04","939","159.99","159.99"
"28/12/2024, 15:16:25","905","159.99","159.99"
"28/12/2024, 18:17:08","891","159.99","159.99"
"28/12/2024, 21:17:51","898","159.99","159.99"
"29/12/2024, 00:18:34","983","159.99","159.99"
"29/12/2024, 03:19:21","951","159.99","159.99"
"29/12/2024, 06:20:14","930","159.99","159.99"
"29/12/2024, 09:21:03","871","159.99","159.99"
"29/12/2024, 12:21:25","844","159.99","159.99"
"29/12/2024, 15:22:08","927","159.99","159.99"
"29/12/2024, 18:22:24","910","159.99","159.99"
"29/12/2024, 21:23:14","921","159.99","159.99"
"30/12/2024, 00:23:47","1035","159.99","159.99"
"30/12/2024, 03:24:20","953","159.99","159.99"
"30/12/2024, 06:25:15","1115","159.99","159.99"
"30/12/2024, 09:25:58","1139","159.99","159.99"
"30/12/2024, 12:26:21","1205","159.99","159.99"
"30/12/2024, 15:27:10","1161","159.99","159.99"
"30/12/2024, 18:27:37","1135","159.99","159.99"
"30/12/2024, 21:28:27","1162","159.99","159.99"
"31/12/2024, 00:29:05","1323","159.99","159.99"
"31/12/2024, 03:29:50","1277","159.99","159.99"
"31/12/2024, 09:31:37","1281","159.99","159.99"
"01/01/2025, 12:33:07","1179","159.99","159.99"
"01/01/2025, 15:33:36","1101","159.99","159.99"
"01/01/2025, 18:34:07","1086","159.99","159.99"
"01/01/2025, 21:34:45","1140","159.99","159.99"
"02/01/2025, 00:35:23","1189","159.99","159.99"
"02/01/2025, 03:36:18","1245","159.99","159.99"
"02/01/2025, 06:37:05","1237","159.99","159.99"
"02/01/2025, 09:37:47","1111","159.99","159.99"
"02/01/2025, 12:38:34","1201","159.99","159.99"
"02/01/2025, 15:39:21","1147","159.99","159.99"
"02/01/2025, 18:40:11","1130","159.99","159.99"
"02/01/2025, 21:40:49","1172","159.99","159.99"
"03/01/2025, 00:41:34","1264","159.99","159.99"
"03/01/2025, 03:42:21","1342","159.99","159.99"
"03/01/2025, 06:43:07","1500","159.99","159.99"
"03/01/2025, 09:44:01","1337","159.99","159.99"
"03/01/2025, 12:44:21","1325","159.99","159.99"
"03/01/2025, 15:45:08","1265","159.99","159.99"
"03/01/2025, 18:45:24","1252","159.99","159.99"
"03/01/2025, 21:46:15","1324","159.99","159.99"
"04/01/2025, 00:47:03","1308","159.99","159.99"
"04/01/2025, 03:47:32","1350","159.99","159.99"
"04/01/2025, 06:48:19","1605","159.99","159.99"
"04/01/2025, 09:49:01","1658","159.99","159.99"
"04/01/2025, 12:49:29","1538","159.99","159.99"
"04/01/2025, 15:50:20","1519","159.99","159.99"
"04/01/2025, 18:51:06","1432","159.99","159.99"
"04/01/2025, 21:51:36","1483","159.99","159.99"
"05/01/2025, 00:52:20","1500","159.99","159.99"
"05/01/2025, 03:53:05","1452","159.99","159.99"
"05/01/2025, 06:53:21","1608","159.99","159.99"
"05/01/2025, 09:54:14","1485","159.99","159.99"
"05/01/2025, 12:55:05","1495","159.99","159.99"
"05/01/2025, 15:55:38","1499","159.99","159.99"
"05/01/2025, 18:56:22","1556","159.99","159.99"
"05/01/2025, 21:57:12","1613","159.99","159.99"
"06/01/2025, 00:57:52","1793","159.99","159.99"
"06/01/2025, 03:58:34","1708","159.99","159.99"
"06/01/2025, 06:59:21","1636","159.99","159.99"
"06/01/2025, 10:00:09","1478","159.99","159.99"
"06/01/2025, 13:00:38","1663","159.99","159.99"
"06/01/2025, 16:01:23","1708","159.99","159.99"
"06/01/2025, 19:02:21","1630","159.99","159.99"
"06/01/2025, 22:03:07","1771","159.99","159.99"
"07/01/2025, 01:03:36","2165","159.99","159.99"
"07/01/2025, 05:04:23","2302","159.99","159.99"
"07/01/2025, 09:05:25","1896","159.99","159.99"
"07/01/2025, 12:06:07","1832","159.99","159.99"
"07/01/2025, 15:06:34","2083","159.99","159.99"
"07/01/2025, 19:07:23","1857","159.99","159.99"
"07/01/2025, 22:08:08","1889","159.99","159.99"
"08/01/2025, 01:08:47","2017","159.99","159.99"
"08/01/2025, 05:09:38","2116","159.99","159.99"
"08/01/2025, 09:10:36","2097","159.99","159.99"
"08/01/2025, 13:11:20","2114","159.99","159.99"
"08/01/2025, 17:12:04","2085","159.99","159.99"
"08/01/2025, 21:12:49","2073","159.99","159.99"
"09/01/2025, 01:13:33","2260","159.99","159.99"
"09/01/2025, 05:14:31","2436","159.99","159.99"
"09/01/2025, 09:15:18","2350","159.99","159.99"
"09/01/2025, 13:16:04","2565","159.99","159.99"
"09/01/2025, 17:16:22","2502","159.99","159.99"
"09/01/2025, 21:17:19","2350","159.99","159.99"
"10/01/2025, 01:18:14","2443","159.99","159.99"
"10/01/2025, 05:19:14","2372","159.99","159.99"
"10/01/2025, 09:19:56","2120","159.99","159.99"
"10/01/2025, 13:20:43","2051","159.99","159.99"
"10/01/2025, 17:21:21","2047","159.99","159.99"
"10/01/2025, 21:22:06","1986","159.99","159.99"
"11/01/2025, 00:22:33","2201","159.99","159.99"
"11/01/2025, 04:23:21","2403","159.99","159.99"
"11/01/2025, 08:24:08","2439","159.99","159.99"
"11/01/2025, 12:24:43","2125","159.99","159.99"
"11/01/2025, 16:25:25","2219","159.99","159.99"
"11/01/2025, 20:26:20","2275","159.99","159.99"
"12/01/2025, 00:27:05","2365","159.99","159.99"
"12/01/2025, 04:27:49","2312","159.99","159.99"
"12/01/2025, 08:28:33","1998","159.99","159.99"
"12/01/2025, 11:29:10","1990","159.99","159.99"
"12/01/2025, 14:29:43","2089","159.99","159.99"
"12/01/2025, 18:30:22","1958","159.99","159.99"
"12/01/2025, 21:31:06","2068","159.99","159.99"
"13/01/2025, 01:31:48","2132","159.99","159.99"
"13/01/2025, 05:32:35","2024","159.99","159.99"
"13/01/2025, 09:33:25","1781","159.99","159.99"
"13/01/2025, 12:34:07","2291","159.99","159.99"
"13/01/2025, 16:34:43","2180","159.99","159.99"
"13/01/2025, 20:35:24","2183","159.99","159.99"
"14/01/2025, 00:36:18","2335","159.99","159.99"
"14/01/2025, 04:37:04","2724","159.99","159.99"
"14/01/2025, 08:37:46","2258","159.99","159.99"
"14/01/2025, 12:38:19","2443","159.99","159.99"
"14/01/2025, 16:39:05","2294","159.99","159.99"
"14/01/2025, 20:39:44","2192","159.99","159.99"
"15/01/2025, 00:40:25","2096","159.99","159.99"
"15/01/2025, 04:41:24","2289","159.99","159.99"
"15/01/2025, 08:42:17","1988","159.99","159.99"
"15/01/2025, 11:43:04","2192","159.99","159.99"
"15/01/2025, 15:43:20","2237","159.99","159.99"
"15/01/2025, 19:44:05","2244","159.99","159.99"
"15/01/2025, 23:44:36","2286","159.99","159.99"
"16/01/2025, 03:45:32","2545","159.99","159.99"
"16/01/2025, 07:46:20","2608","159.99","159.99"
"16/01/2025, 11:47:06","2429","159.99","159.99"
"16/01/2025, 15:47:33","2483","159.99","159.99"
"16/01/2025, 19:48:19","2494","159.99","159.99"
"16/01/2025, 23:49:04","2632","159.99","159.99"
"17/01/2025, 03:49:38","2720","159.99","159.99"
"17/01/2025, 07:50:35","2305","159.99","159.99"
"17/01/2025, 11:51:19","1991","159.99","159.99"
"17/01/2025, 14:52:05","2334","159.99","159.99"
"17/01/2025, 18:52:19","2189","159.99","159.99"
"17/01/2025, 22:53:05","2105","159.99","159.99"
"18/01/2025, 02:53:21","2389","159.99","159.99"
"18/01/2025, 06:54:08","2534","159.99","159.99"
"18/01/2025, 10:54:45","2043","159.99","159.99"
"18/01/2025, 14:55:22","1993","150.73","159.99"
"18/01/2025, 17:56:05","2086","150.73","159.99"
"18/01/2025, 21:56:48","2172","147.72","159.99"
"19/01/2025, 01:57:31","2195","159.99","159.99"
"19/01/2025, 05:58:22","2151","159.99","159.99"
"19/01/2025, 09:59:18","2162","159.99","159.99"
"19/01/2025, 14:00:06","1943","159.99","159.99"
"19/01/2025, 17:00:34","1909","159.99","159.99"
"19/01/2025, 20:01:18","1889","159.99","159.99"
"19/01/2025, 23:02:05","1868","159.99","159.99"
"20/01/2025, 02:02:32","1994","159.99","159.99"
"20/01/2025, 05:03:20","1970","159.99","159.99"
"20/01/2025, 08:04:06","2137","159.99","159.99"
"20/01/2025, 12:04:41","2278","159.99","159.99"
"20/01/2025, 16:05:22","2323","159.99","159.99"
"20/01/2025, 20:06:11","2293","159.99","159.99"
"21/01/2025, 00:06:44","2331","159.99","159.99"
"21/01/2025, 04:07:22","2258","159.99","159.99"
"21/01/2025, 08:08:07","2066","159.99","159.99"
"21/01/2025, 12:08:34","2270","159.99","159.99"
"21/01/2025, 16:09:20","2057","159.99","159.99"
"21/01/2025, 20:10:07","2211","159.99","159.99"
"22/01/2025, 00:10:35","2089","159.99","159.99"
"22/01/2025, 04:11:20","2211","159.99","159.99"
"22/01/2025, 08:12:05","2422","159.99","159.99"
"22/01/2025, 12:12:35","2729","159.99","159.99"
"22/01/2025, 16:13:20","2697","159.99","159.99"
"22/01/2025, 20:14:06","2597","159.99","159.99"
"23/01/2025, 00:14:39","2866","159.99","159.99"
"23/01/2025, 04:15:23","3294","159.99","159.99"
"23/01/2025, 08:16:09","3322","159.99","159.99"
"23/01/2025, 12:16:36","3263","159.99","159.99"
"23/01/2025, 16:17:23","3187","159.99","159.99"
"23/01/2025, 20:18:10","2991","159.99","159.99"
"24/01/2025, 00:18:37","2875","159.99","159.99"
"24/01/2025, 04:19:23","2817","159.99","159.99"
"24/01/2025, 08:20:10","2440","159.99","159.99"
"24/01/2025, 12:20:48","2333","159.99","159.99"
"24/01/2025, 16:21:23","2291","159.99","159.99"
"24/01/2025, 20:22:09","2371","159.99","159.99"
"25/01/2025, 00:22:31","2143","159.99","159.99"
"25/01/2025, 04:23:20","2227","159.99","159.99"
"25/01/2025, 08:24:09","2315","159.99","159.99"
"25/01/2025, 12:24:49","2152","159.99","159.99"
"25/01/2025, 16:25:33","2144","159.99","159.99"
"25/01/2025, 20:26:22","2278","159.99","159.99"
"26/01/2025, 00:27:06","2634","159.99","159.99"
"26/01/2025, 04:27:39","2346","159.99","159.99"
"27/01/2025, 08:29:18","2185","159.99","159.99"
"27/01/2025, 12:30:06","2241","159.99","159.99"
"27/01/2025, 16:30:41","2335","159.99","159.99"
"27/01/2025, 20:31:23","2513","147.72","159.99"
"28/01/2025, 00:32:07","2702","159.99","159.99"
"28/01/2025, 04:32:40","3169","159.99","159.99"
"28/01/2025, 08:33:32","3230","159.99","159.99"
"28/01/2025, 12:34:09","3286","159.99","159.99"
"28/01/2025, 16:34:38","3246","159.99","159.99"
"28/01/2025, 20:35:21","3186","159.99","159.99"
"29/01/2025, 00:36:06","3187","159.99","159.99"
"29/01/2025, 04:36:50","3439","159.99","159.99"
"29/01/2025, 08:37:37","2717","159.99","159.99"
"29/01/2025, 12:38:28","2449","159.99","159.99"
"29/01/2025, 16:39:08","2425","159.99","159.99"
"29/01/2025, 20:39:43","2393","159.99","159.99"
"30/01/2025, 00:40:21","2502","159.99","159.99"
"30/01/2025, 04:41:06","2756","159.99","159.99"
"30/01/2025, 08:41:43","2562","159.99","159.99"
"30/01/2025, 12:42:23","2622","159.99","159.99"
"30/01/2025, 16:43:07","2580","159.99","159.99"
"30/01/2025, 20:43:51","2596","159.99","159.99"
"31/01/2025, 00:44:22","2555","159.99","159.99"
"31/01/2025, 04:45:11","3170","159.99","159.99"
"31/01/2025, 08:45:53","3032","159.99","159.99"
"31/01/2025, 12:46:24","3093","159.99","159.99"
"31/01/2025, 16:47:12","2900","159.99","159.99"
"31/01/2025, 20:48:05","2991","159.99","159.99"
"01/02/2025, 00:48:21","3135","159.99","159.99"
"01/02/2025, 04:49:06","3216","159.99","159.99"
"01/02/2025, 08:49:49","3221","159.99","159.99"
"01/02/2025, 12:50:34","3093","159.99","159.99"
"01/02/2025, 16:51:20","3071","159.99","159.99"
"01/02/2025, 20:52:07","3127","159.99","159.99"
"02/02/2025, 00:52:37","3550","159.99","159.99"
"02/02/2025, 04:53:37","2915","159.99","159.99"
"02/02/2025, 08:54:32","3030","159.99","159.99"
"02/02/2025, 12:55:18","3418","159.99","159.99"
"02/02/2025, 16:56:04","3500","159.99","159.99"
"02/02/2025, 20:56:28","3294","159.99","159.99"
"03/02/2025, 00:57:11","3424","159.99","159.99"
"03/02/2025, 04:58:00","3008","159.99","159.99"
"03/02/2025, 08:58:47","3610","159.99","159.99"
"03/02/2025, 12:59:23","3156","159.99","159.99"
"03/02/2025, 17:00:08","3068","159.99","159.99"
"03/02/2025, 21:00:51","3097","159.99","159.99"
"04/02/2025, 01:01:32","3810","159.99","159.99"
"04/02/2025, 05:02:41","3597","159.99","159.99"
"04/02/2025, 09:03:37","3446","159.99","159.99"
"04/02/2025, 13:04:23","4346","159.99","159.99"
"04/02/2025, 17:05:08","4492","159.99","159.99"
"04/02/2025, 21:05:41","4514","159.99","159.99"
"05/02/2025, 01:06:23","4243","159.99","159.99"
"05/02/2025, 05:07:13","4876","159.99","159.99"
"05/02/2025, 09:08:01","3837","159.99","159.99"
"05/02/2025, 13:08:26","4411","159.99","159.99"
"05/02/2025, 17:09:21","4521","159.99","159.99"
"05/02/2025, 21:10:06","4528","159.99","159.99"
"06/02/2025, 01:10:28","4487","159.99","159.99"
"06/02/2025, 05:11:22","4013","159.99","159.99"
"06/02/2025, 09:12:21","3836","159.99","159.99"
"06/02/2025, 13:13:05","4244","159.99","159.99"
"06/02/2025, 17:13:34","4302","159.99","159.99"
"06/02/2025, 21:14:23","4259","159.99","159.99"
"07/02/2025, 01:15:12","3926","159.99","159.99"
"07/02/2025, 05:16:03","3997","159.99","159.99"
"07/02/2025, 09:16:51","3783","159.99","159.99"
"07/02/2025, 13:17:37","4528","159.99","159.99"
"07/02/2025, 17:18:11","4362","159.99","159.99"
"07/02/2025, 21:18:53","4166","159.99","159.99"
"08/02/2025, 01:19:31","3856","159.99","159.99"
"08/02/2025, 05:20:33","4267","159.99","159.99"
"08/02/2025, 09:21:21","4476","159.99","159.99"
"08/02/2025, 13:22:07","4030","159.99","159.99"
"08/02/2025, 17:22:33","4002","159.99","159.99"
"08/02/2025, 21:23:12","4011","159.99","159.99"
"09/02/2025, 01:24:03","3606","159.99","159.99"
"09/02/2025, 05:24:46","4054","159.99","159.99"
"09/02/2025, 09:25:41","4496","159.99","159.99"
"09/02/2025, 13:26:22","4021","159.99","159.99"
"09/02/2025, 17:27:07","4086","159.99","159.99"
"09/02/2025, 21:27:55","3943","159.99","159.99"
"10/02/2025, 01:28:34","4059","159.99","159.99"
"10/02/2025, 05:29:38","4217","159.99","159.99"
"10/02/2025, 09:30:31","4142","159.99","159.99"
"10/02/2025, 13:31:17","4389","159.99","159.99"
"10/02/2025, 17:32:05","4497","159.99","159.99"
"10/02/2025, 21:32:49","4298","159.99","159.99"
"11/02/2025, 01:33:26","4144","159.99","159.99"
"11/02/2025, 05:35:16","4783","159.99","159.99"
"11/02/2025, 09:36:10","4628","159.99","159.99"
"11/02/2025, 13:36:35","4201","159.99","159.99"
"11/02/2025, 17:37:17","4223","159.99","159.99"
"11/02/2025, 21:38:08","4326","159.99","159.99"
"12/02/2025, 01:38:34","4345","159.99","159.99"
"12/02/2025, 05:39:41","4117","159.99","159.99"
"12/02/2025, 09:40:44","4142","159.99","159.99"
"12/02/2025, 13:41:25","4480","159.99","159.99"
"12/02/2025, 17:42:11","3887","159.99","159.99"
"12/02/2025, 21:42:52","4095","159.99","159.99"
"13/02/2025, 01:43:31","3872","159.99","159.99"
"13/02/2025, 05:44:26","3743","159.99","159.99"
"13/02/2025, 09:45:20","3698","159.99","159.99"
"13/02/2025, 13:47:38","3870","159.99","159.99"
"13/02/2025, 17:48:21","3771","159.99","159.99"
"13/02/2025, 21:49:06","3869","159.99","159.99"
"14/02/2025, 01:49:50","3774","159.99","159.99"
"14/02/2025, 05:50:46","3842","159.99","159.99"
"14/02/2025, 09:51:36","3886","159.99","159.99"
"14/02/2025, 13:52:20","3686","159.99","159.99"
"14/02/2025, 17:53:07","3756","159.99","159.99"
"14/02/2025, 21:53:47","3855","159.99","159.99"
"15/02/2025, 01:54:38","2834","159.99","159.99"
"15/02/2025, 05:55:36","2845","159.99","159.99"
"15/02/2025, 09:56:27","2586","159.99","159.99"
"15/02/2025, 13:57:19","2751","159.99","159.99"
"15/02/2025, 17:58:05","2811","159.99","159.99"
"15/02/2025, 21:58:44","2910","159.99","159.99"
"16/02/2025, 01:59:32","2793","159.99","159.99"
"16/02/2025, 06:00:30","2887","159.99","159.99"
"16/02/2025, 10:01:22","2824","159.99","159.99"
"16/02/2025, 14:02:05","2810","159.99","159.99"
"16/02/2025, 18:02:27","2557","159.99","159.99"
"16/02/2025, 22:03:12","2528","159.99","159.99"
"17/02/2025, 02:04:00","2387","159.99","159.99"
"17/02/2025, 06:04:33","2672","159.99","159.99"
"17/02/2025, 10:05:23","2659","159.99","159.99"
"17/02/2025, 14:06:11","2756","159.99","159.99"
"17/02/2025, 18:07:04","2784","159.99","159.99"
"17/02/2025, 22:07:36","2756","159.99","159.99"
"18/02/2025, 02:08:22","2751","159.99","159.99"
"18/02/2025, 06:09:12","2824","159.99","159.99"
"18/02/2025, 10:09:48","2582","159.99","159.99"
"18/02/2025, 14:10:25","2505","159.99","159.99"
"18/02/2025, 18:11:06","2694","159.99","159.99"
"18/02/2025, 22:11:40","3001","159.99","159.99"
"19/02/2025, 14:29:38","3138","159.99","159.99"
"19/02/2025, 21:45:33","3156","159.99","159.99"
"20/02/2025, 01:46:19","3268","159.98","159.99"
"20/02/2025, 05:47:04","3205","159.99","159.99"
"20/02/2025, 09:47:38","3409","159.99","159.99"
"20/02/2025, 13:50:53","3209","159.99","159.99"
"20/02/2025, 18:17:26","3366","159.99","159.99"
"20/02/2025, 22:52:43","3619","159.99","159.99"
"21/02/2025, 02:53:27","2769","159.99","159.99"
"21/02/2025, 06:54:09","2870","159.99","159.99"
"21/02/2025, 10:55:04","3252","159.99","159.99"
"21/02/2025, 15:00:05","3195","159.99","159.99"
"21/02/2025, 19:09:07","3216","159.99","159.99"
"21/02/2025, 23:10:38","3498","159.99","159.99"
"22/02/2025, 03:11:22","3478","159.99","159.99"
"22/02/2025, 07:12:11","3537","159.99","159.99"
"22/02/2025, 11:12:48","3586","159.99","159.99"
"22/02/2025, 15:14:56","3435","159.99","159.99"
"22/02/2025, 19:17:26","3120","159.99","159.99"
"22/02/2025, 23:18:07","2978","159.99","159.99"
"23/02/2025, 03:18:35","2813","159.99","159.99"
"23/02/2025, 07:19:21","2608","159.99","159.99"
"23/02/2025, 11:20:11","2502","159.99","159.99"
"23/02/2025, 15:21:57","2707","159.99","159.99"
"23/02/2025, 19:25:00","2995","159.99","159.99"
"23/02/2025, 23:25:16","3359","159.99","159.99"
"24/02/2025, 03:26:04","4068","159.99","159.99"
"24/02/2025, 07:26:38","3345","159.99","159.99"
"24/02/2025, 11:27:35","3762","159.99","159.99"
"24/02/2025, 15:31:11","3420","159.99","159.99"
"24/02/2025, 20:06:10","3169","159.99","159.99"
"25/02/2025, 00:29:01","3388","159.99","159.99"
"25/02/2025, 04:29:24","3383","159.99","159.99"
"25/02/2025, 08:30:09","3778","159.99","159.99"
"25/02/2025, 12:35:44","3680","159.99","159.99"
"25/02/2025, 16:36:39","3565","159.99","159.99"
"25/02/2025, 20:42:38","3476","159.99","159.99"
"26/02/2025, 00:44:45","3921","159.99","159.99"
"26/02/2025, 04:45:20","3724","159.99","159.99"
"26/02/2025, 08:46:05","3758","159.99","159.99"
"26/02/2025, 12:52:43","3618","159.99","159.99"
"26/02/2025, 16:53:32","3698","159.99","159.99"
"26/02/2025, 20:57:40","3907","159.99","159.99"
"27/02/2025, 04:59:07","4490","159.99","159.99"
"27/02/2025, 08:59:36","4472","159.99","159.99"
"27/02/2025, 13:02:25","4703","159.99","159.99"
"27/02/2025, 17:03:12","4407","159.99","159.99"
"27/02/2025, 21:04:28","4074","159.99","159.99"
"28/02/2025, 01:05:20","3617","159.99","159.99"
"28/02/2025, 05:06:05","3643","159.99","159.99"
"28/02/2025, 09:06:35","3587","159.99","159.99"
"28/02/2025, 13:07:53","3933","159.99","159.99"
"28/02/2025, 17:11:58","4010","159.99","159.99"
"28/02/2025, 21:22:07","4034","159.99","159.99"
"01/03/2025, 01:39:17","3509","159.99","159.99"
"01/03/2025, 05:40:06","3302","159.99","159.99"
"01/03/2025, 09:40:40","2890","159.99","159.99"
"01/03/2025, 13:46:48","3082","159.99","159.99"
"01/03/2025, 17:47:32","2896","159.99","159.99"
"01/03/2025, 21:48:23","3002","159.99","159.99"
"02/03/2025, 01:49:06","2801","159.99","159.99"
"02/03/2025, 05:49:20","2707","159.99","159.99"
"02/03/2025, 09:50:17","2682","159.99","159.99"
"02/03/2025, 13:51:04","2827","159.99","159.99"
"02/03/2025, 17:51:21","2902","159.99","159.99"
"02/03/2025, 21:52:11","3114","159.99","159.99"
"03/03/2025, 01:52:38","3404","159.99","159.99"
"03/03/2025, 05:53:08","2992","159.99","159.99"
"03/03/2025, 09:53:41","2464","159.99","159.99"
"03/03/2025, 13:55:53","2755","159.99","159.99"
"03/03/2025, 17:56:21","2725","159.99","159.99"
"03/03/2025, 21:58:58","3159","159.99","159.99"
"04/03/2025, 01:59:33","4106","159.99","159.99"
"04/03/2025, 06:00:13","4483","159.99","159.99"
"04/03/2025, 10:00:43","3835","159.99","159.99"
"04/03/2025, 14:03:52","3932","159.99","159.99"
"04/03/2025, 18:07:41","3616","159.99","159.99"
"04/03/2025, 22:09:16","3342","159.99","159.99"
"05/03/2025, 02:10:06","3972","159.99","159.99"
"05/03/2025, 06:10:41","3926","159.99","159.99"
"05/03/2025, 10:11:18","3763","159.99","159.99"
"05/03/2025, 14:12:52","4116","159.99","159.99"
"05/03/2025, 18:13:23","4064","159.99","159.99"
"05/03/2025, 22:16:30","4286","159.99","159.99"
"06/03/2025, 02:17:21","5135","159.99","159.99"
"06/03/2025, 06:18:06","5701","159.99","159.99"
"06/03/2025, 10:18:39","5398","159.99","159.99"
"06/03/2025, 14:20:21","4994","159.99","159.99"
"06/03/2025, 18:21:09","4661","159.99","159.99"
"06/03/2025, 22:23:33","5491","159.99","159.99"
"07/03/2025, 02:24:08","5679","159.99","159.99"
"07/03/2025, 06:24:22","5031","159.99","159.99"
"07/03/2025, 10:25:06","4533","159.99","159.99"
"07/03/2025, 14:25:53","4403","159.99","159.99"
"07/03/2025, 18:26:23","4709","159.99","159.99"
"07/03/2025, 22:27:26","4773","159.99","159.99"
"08/03/2025, 02:28:07","4248","159.99","159.99"
"08/03/2025, 06:28:37","4328","159.99","159.99"
"08/03/2025, 10:29:09","4576","159.99","159.99"
"08/03/2025, 14:30:10","3894","159.99","159.99"
"08/03/2025, 18:30:58","4110","159.99","159.99"
"08/03/2025, 22:32:11","3998","159.99","159.99"
"09/03/2025, 02:32:45","4092","159.99","159.99"
"09/03/2025, 06:33:19","3838","159.99","159.99"
"10/03/2025, 02:43:29","5540","159.99","159.99"
"10/03/2025, 06:44:19","4814","159.99","159.99"
"10/03/2025, 10:45:05","4706","159.99","159.99"
"10/03/2025, 14:46:47","4895","159.99","159.99"
"10/03/2025, 18:47:36","5062","159.99","159.99"
"10/03/2025, 22:50:29","5040","159.99","159.99"
"11/03/2025, 02:51:09","4745","159.99","159.99"
"11/03/2025, 06:51:32","4433","159.99","159.99"
"11/03/2025, 10:52:05","4780","159.99","159.99"
"11/03/2025, 14:53:58","4507","159.99","159.99"
"11/03/2025, 18:54:44","4056","159.99","159.99"
"11/03/2025, 22:58:51","4483","159.99","159.99"
"12/03/2025, 02:59:26","4779","159.99","159.99"
"12/03/2025, 07:00:11","5199","159.99","159.99"
"12/03/2025, 11:01:04","4963","159.99","159.99"
"12/03/2025, 15:03:08","4386","159.99","159.99"
"12/03/2025, 19:04:55","4378","159.99","159.99"
"12/03/2025, 23:06:30","5178","159.99","159.99"
"13/03/2025, 03:07:07","4801","159.99","159.99"
"13/03/2025, 07:07:26","4572","159.99","159.99"
"13/03/2025, 11:08:06","4526","159.99","159.99"
"13/03/2025, 15:08:48","4901","159.99","159.99"
"13/03/2025, 19:09:36","4865","159.99","159.99"
"13/03/2025, 23:10:22","5441","159.99","159.99"
"14/03/2025, 03:11:06","5300","159.99","159.99"
"14/03/2025, 07:11:25","5840","159.99","159.99"
"14/03/2025, 11:12:05","5534","159.99","159.99"
"14/03/2025, 16:46:52","5103","159.99","159.99"
"14/03/2025, 21:50:03","4563","159.99","159.99"
"15/03/2025, 01:53:42","5049","159.99","159.99"
"15/03/2025, 05:55:57","4417","159.99","159.99"
"15/03/2025, 09:57:12","4383","159.99","159.99"
"15/03/2025, 13:58:26","4352","159.99","159.99"
"15/03/2025, 22:11:56","3843","159.99","159.99"
"16/03/2025, 02:12:24","3580","159.99","159.99"
"16/03/2025, 06:16:44","3838","159.99","159.99"
"16/03/2025, 10:17:27","3831","159.99","159.99"
"16/03/2025, 14:18:07","4007","159.99","159.99"
"17/03/2025, 02:49:20","5095","159.99","159.99"
"17/03/2025, 10:42:58","4618","159.99","159.99"
"17/03/2025, 14:45:52","4635","159.99","159.99"
"17/03/2025, 18:49:58","4755","159.99","159.99"
"17/03/2025, 22:52:29","4979","159.99","159.99"
"18/03/2025, 02:58:05","4904","159.99","159.99"
"18/03/2025, 07:28:55","4590","159.99","159.99"
"18/03/2025, 11:51:11","4591","159.99","159.99"
"18/03/2025, 15:52:48","4901","159.99","159.99"
"18/03/2025, 19:54:11","5042","159.99","159.99"
"18/03/2025, 23:54:50","5847","159.99","159.99"
"19/03/2025, 04:03:36","6262","159.99","159.99"
"20/03/2025, 12:31:55","4150","159.99","159.99"
"20/03/2025, 16:32:20","4517","159.99","159.99"
"20/03/2025, 20:33:14","4931","159.99","159.99"
"21/03/2025, 00:34:04","5698","159.99","159.99"
"21/03/2025, 04:37:21","5909","159.99","159.99"
"21/03/2025, 08:44:15","5876","159.99","159.99"
"21/03/2025, 12:47:07","6427","159.99","159.99"
"21/03/2025, 16:47:39","5848","159.99","159.99"
"21/03/2025, 20:48:39","4803","159.99","159.99"
"22/03/2025, 00:49:39","4837","159.99","159.99"
"22/03/2025, 04:53:17","5527","159.99","159.99"
"22/03/2025, 08:56:55","4427","159.99","159.99"
"22/03/2025, 12:57:39","4645","159.99","159.99"
"22/03/2025, 16:58:23","4701","159.99","159.99"
"22/03/2025, 20:59:20","4694","159.99","159.99"
"23/03/2025, 01:00:18","5391","159.99","159.99"
"23/03/2025, 05:01:19","3758","159.99","159.99"
"23/03/2025, 09:02:09","3790","159.99","159.99"
"23/03/2025, 13:02:48","3812","159.99","159.99"
"23/03/2025, 17:03:37","3651","159.99","159.99"
"23/03/2025, 21:04:23","4032","159.99","159.99"
"24/03/2025, 01:05:13","4420","159.99","159.99"
"24/03/2025, 05:06:25","4473","159.99","159.99"
"24/03/2025, 09:08:27","3785","159.99","159.99"
"24/03/2025, 13:09:17","3850","159.99","159.99"
"24/03/2025, 21:10:35","3977","159.99","159.99"
"25/03/2025, 01:11:33","4081","159.99","159.99"
"25/03/2025, 05:14:12","4549","159.99","159.99"
"25/03/2025, 09:15:13","5033","159.99","159.99"
"25/03/2025, 13:15:44","4646","159.99","159.99"
"25/03/2025, 17:16:19","4653","159.99","159.99"
"25/03/2025, 21:17:05","4883","159.99","159.99"
"26/03/2025, 01:18:28","5604","159.99","159.99"
"26/03/2025, 05:20:39","6978","159.99","159.99"
"26/03/2025, 09:24:59","6187","159.99","159.99"
"26/03/2025, 13:25:42","6834","159.99","159.99"
"26/03/2025, 17:26:22","6201","159.99","159.99"
"26/03/2025, 21:27:05","6532","159.99","159.99"
"27/03/2025, 01:27:45","6701","159.99","159.99"
"27/03/2025, 05:28:28","6056","159.99","159.99"
"27/03/2025, 09:29:30","5439","159.99","159.99"
"27/03/2025, 13:30:08","5851","159.99","159.99"
"27/03/2025, 17:30:34","5746","159.99","159.99"
"27/03/2025, 21:31:05","6234","159.99","159.99"
"28/03/2025, 01:32:08","6249","159.99","159.99"
"28/03/2025, 05:33:08","6332","159.99","159.99"
"28/03/2025, 09:33:56","5741","159.99","159.99"
"28/03/2025, 13:34:31","5680","159.99","159.99"
"28/03/2025, 17:35:20","4726","159.99","159.99"
"28/03/2025, 21:36:06","5517","159.99","159.99"
"29/03/2025, 01:36:51","5849","159.99","159.99"
"29/03/2025, 05:37:39","6571","159.99","159.99"
"29/03/2025, 09:38:35","6185","159.99","159.99"
"29/03/2025, 13:39:10","5854","159.99","159.99"
"29/03/2025, 17:39:35","5509","159.99","159.99"
"29/03/2025, 21:40:09","5686","159.99","159.99"
"30/03/2025, 01:40:55","6381","159.99","159.99"
"30/03/2025, 05:41:47","5825","159.99","159.99"
"30/03/2025, 09:42:54","4846","159.99","159.99"
"30/03/2025, 13:43:20","4876","159.99","159.99"
"30/03/2025, 17:44:07","4851","159.99","159.99"
"30/03/2025, 21:45:04","5397","159.99","159.99"
"31/03/2025, 01:46:03","5246","159.99","159.99"
"31/03/2025, 05:46:59","4844","159.99","159.99"
"31/03/2025, 09:48:00","5038","159.99","159.99"
"31/03/2025, 14:13:48","5633","159.99","159.99"
"31/03/2025, 18:14:20","5446","159.99","159.99"
"31/03/2025, 22:15:07","5546","159.99","159.99"
"01/04/2025, 02:25:59","5816","159.99","159.99"
"01/04/2025, 06:29:39","5862","159.99","159.99"
"01/04/2025, 10:30:07","6533","159.99","159.99"
"01/04/2025, 14:31:36","6890","159.99","159.99"
"01/04/2025, 18:32:07","6438","159.99","159.99"
"01/04/2025, 22:33:05","7227","159.99","159.99"
"02/04/2025, 02:34:36","6937","159.99","159.99"
"02/04/2025, 06:35:38","6662","159.99","159.99"
"02/04/2025, 10:36:06","6416","159.99","159.99"
"02/04/2025, 14:36:36","5854","159.99","159.99"
"02/04/2025, 18:37:07","5498","159.99","159.99"
"02/04/2025, 22:38:05","5643","159.99","159.99"
"03/04/2025, 02:39:14","5609","159.99","159.99"
"03/04/2025, 06:40:06","5649","159.99","159.99"
"03/04/2025, 10:40:19","6051","159.99","159.99"
"03/04/2025, 14:41:10","5493","159.99","159.99"
"03/04/2025, 18:42:04","5847","159.99","159.99"
"03/04/2025, 22:42:20","5770","159.99","159.99"
"04/04/2025, 02:43:19","6336","159.99","159.99"
"04/04/2025, 06:44:05","6886","159.99","159.99"
"04/04/2025, 10:44:18","6728","159.99","159.99"
"04/04/2025, 14:45:07","6945","159.99","159.99"
"04/04/2025, 18:45:23","6589","159.99","159.99"
"04/04/2025, 22:46:08","6642","159.99","159.99"
"05/04/2025, 02:48:29","6804","159.99","159.99"
"05/04/2025, 06:49:12","5806","159.99","159.99"
"05/04/2025, 10:50:06","5987","159.99","159.99"
"05/04/2025, 14:50:40","6080","159.99","159.99"
"05/04/2025, 18:51:06","6109","159.99","159.99"
"05/04/2025, 22:51:21","5446","159.99","159.99"
"06/04/2025, 02:52:36","5833","159.99","159.99"
"06/04/2025, 06:53:21","6418","159.99","159.99"
"06/04/2025, 10:54:05","6842","159.99","159.99"
"06/04/2025, 14:54:36","7119","159.99","159.99"
"06/04/2025, 18:55:19","6818","159.99","159.99"
"06/04/2025, 22:56:06","7537","159.99","159.99"
"07/04/2025, 02:57:00","8060","159.99","159.99"
"07/04/2025, 06:57:33","6573","159.99","159.99"
"07/04/2025, 10:58:07","6582","159.99","159.99"
"07/04/2025, 14:58:33","7024","159.99","159.99"
"07/04/2025, 18:59:07","7196","159.99","159.99"
"07/04/2025, 23:00:05","7532","159.99","159.99"
"08/04/2025, 03:01:36","8313","159.99","159.99"
"08/04/2025, 07:02:18","8017","159.99","159.99"
"08/04/2025, 11:03:05","8763","159.99","159.99"
"08/04/2025, 15:03:35","8016","159.99","159.99"
"08/04/2025, 19:04:08","8158","159.99","159.99"
"08/04/2025, 23:05:06","7804","159.99","159.99"
"09/04/2025, 03:05:57","8286","159.99","159.99"
"09/04/2025, 07:06:33","8089","159.99","159.99"
"09/04/2025, 11:07:07","8245","159.99","159.99"
"09/04/2025, 15:07:39","7686","159.99","159.99"
"09/04/2025, 19:08:06","7453","159.99","159.99"
"09/04/2025, 23:08:19","7944","159.99","159.99"
"10/04/2025, 03:10:32","6956","159.99","159.99"
"10/04/2025, 07:11:22","6650","159.99","159.99"
"10/04/2025, 11:12:07","5684","159.99","159.99"
"10/04/2025, 15:12:46","6161","159.99","159.99"
"10/04/2025, 19:13:21","5789","159.99","159.99"
"10/04/2025, 23:14:05","6742","159.99","159.99"
"11/04/2025, 03:15:01","6350","159.99","159.99"
"11/04/2025, 07:15:22","5492","159.99","159.99"
"11/04/2025, 11:16:18","5278","159.99","159.99"
"11/04/2025, 15:17:06","5419","159.99","159.99"
"11/04/2025, 19:17:22","5686","159.99","159.99"
"11/04/2025, 23:18:07","6395","159.99","159.99"
"12/04/2025, 03:20:19","7215","159.99","159.99"
"12/04/2025, 07:21:06","7388","159.99","159.99"
"12/04/2025, 11:21:47","6747","159.99","159.99"
"12/04/2025, 15:22:35","6512","159.99","159.99"
"12/04/2025, 19:23:07","6781","159.99","159.99"
"12/04/2025, 23:24:04","7393","159.99","159.99"
"13/04/2025, 03:24:57","7682","159.99","159.99"
"13/04/2025, 07:25:32","6856","159.99","159.99"
"13/04/2025, 11:26:19","7434","159.99","159.99"
"13/04/2025, 15:27:05","6982","159.99","159.99"
"13/04/2025, 19:27:21","6826","159.99","159.99"
"13/04/2025, 23:28:06","7661","159.99","159.99"
"14/04/2025, 03:28:56","8196","159.99","159.99"
"14/04/2025, 07:29:28","7725","159.99","159.99"
"14/04/2025, 11:30:20","8931","159.99","159.99"
"14/04/2025, 15:31:04","9270","159.99","159.99"
"14/04/2025, 19:31:22","9354","159.99","159.99"
"14/04/2025, 23:32:06","8501","159.99","159.99"
"15/04/2025, 03:33:15","8512","159.99","159.99"
"15/04/2025, 07:34:00","8691","159.99","159.99"
"15/04/2025, 11:34:43","8248","159.99","159.99"
"15/04/2025, 15:35:34","8281","159.99","159.99"
"15/04/2025, 19:36:07","8390","159.99","159.99"
"15/04/2025, 23:37:03","9506","159.99","159.99"
"16/04/2025, 03:38:31","9920","159.99","159.99"
"16/04/2025, 07:39:22","7752","159.99","159.99"
"16/04/2025, 11:41:48","7772","159.99","159.99"
"16/04/2025, 15:42:34","7983","159.99","159.99"
"16/04/2025, 19:43:09","7902","159.99","159.99"
"16/04/2025, 23:44:03","8377","159.99","159.99"
"17/04/2025, 03:44:51","8549","159.99","159.99"
"17/04/2025, 07:45:12","8859","159.99","159.99"
"17/04/2025, 11:46:12","8677","159.99","159.99"
"17/04/2025, 15:46:38","8230","159.99","159.99"
"17/04/2025, 19:47:20","8757","159.99","159.99"
"17/04/2025, 23:48:05","8203","159.99","159.99"
"18/04/2025, 03:49:18","10502","159.99","159.99"
"18/04/2025, 07:50:04","8065","159.99","159.99"
"18/04/2025, 11:50:43","8263","159.99","159.99"
"18/04/2025, 15:51:27","7963","159.99","159.99"
"18/04/2025, 19:52:09","8126","159.99","159.99"
"18/04/2025, 23:53:04","8174","159.99","159.99"
"19/04/2025, 03:53:59","8744","159.99","159.99"
"19/04/2025, 07:54:08","8850","159.99","159.99"
"19/04/2025, 11:54:57","8336","159.99","159.99"
"19/04/2025, 15:55:46","7283","159.99","159.99"
"19/04/2025, 19:56:19","7000","159.99","159.99"
"19/04/2025, 23:57:05","6050","159.99","159.99"
"20/04/2025, 03:58:01","4884","159.99","159.99"
"20/04/2025, 07:58:23","4470","159.99","159.99"
"20/04/2025, 11:59:07","4535","159.99","159.99"
"20/04/2025, 15:59:49","4330","159.99","159.99"
"20/04/2025, 20:00:20","4316","159.99","159.99"
"21/04/2025, 00:01:05","4429","159.99","159.99"
"21/04/2025, 04:02:00","4386","159.99","159.99"
"21/04/2025, 08:02:20","4264","159.99","159.99"
"21/04/2025, 12:03:06","4632","159.99","159.99"
"21/04/2025, 16:03:46","4868","159.99","159.99"
"21/04/2025, 20:04:10","4758","159.99","159.99"
"22/04/2025, 00:05:04","4490","159.99","159.99"
"22/04/2025, 04:08:00","4014","159.99","159.99"
"22/04/2025, 08:08:08","4264","159.99","159.99"
"22/04/2025, 12:09:35","4402","159.99","159.99"
"22/04/2025, 16:10:21","4410","159.99","159.99"
"22/04/2025, 20:11:04","4559","159.99","159.99"
"23/04/2025, 00:11:08","5218","159.99","159.99"
"23/04/2025, 04:11:53","5097","159.99","159.99"
"23/04/2025, 08:12:20","5036","159.99","159.99"
"23/04/2025, 12:13:30","6090","159.99","159.99"
"23/04/2025, 16:14:19","6068","159.99","159.99"
"23/04/2025, 20:15:07","6155","159.99","159.99"
"24/04/2025, 00:15:23","6000","159.99","159.99"
"24/04/2025, 04:16:35","6998","159.99","159.99"
"24/04/2025, 12:18:36","6192","159.99","159.99"
"24/04/2025, 16:19:22","5032","159.99","159.99"
"24/04/2025, 20:20:05","5262","159.99","159.99"
"25/04/2025, 00:20:23","5881","159.99","159.99"
"25/04/2025, 04:21:56","4854","159.99","159.99"
"25/04/2025, 08:22:37","5807","159.99","159.99"
"25/04/2025, 12:23:35","5866","159.99","159.99"
"25/04/2025, 16:24:19","5901","159.98","159.99"
"25/04/2025, 20:25:06","6328","159.96","159.99"
"26/04/2025, 00:25:23","7446","159.96","159.99"
"26/04/2025, 04:26:18","6997","159.96","159.99"
"26/04/2025, 08:27:03","5989","159.96","159.99"
"26/04/2025, 12:28:11","5418","159.98","159.99"
"26/04/2025, 16:28:39","5278","159.98","159.99"
"26/04/2025, 20:29:20","5311","159.98","159.99"
"27/04/2025, 00:30:14","4601","159.99","159.99"
"27/04/2025, 04:31:04","4261","159.99","159.99"
"27/04/2025, 08:31:48","4570","159.99","159.99"
"27/04/2025, 12:32:37","4259","159.99","159.99"
"27/04/2025, 16:33:19","4455","159.99","159.99"
"27/04/2025, 20:34:05","4685","159.99","159.99"
"28/04/2025, 00:34:21","5098","159.99","159.99"
"28/04/2025, 04:35:11","5531","159.99","159.99"
"28/04/2025, 08:35:48","5105","159.99","159.99"
"28/04/2025, 12:36:19","4713","159.99","159.99"
"28/04/2025, 16:37:05","4865","159.99","159.99"
"28/04/2025, 20:37:36","4489","159.99","159.99"
"29/04/2025, 00:38:20","6620","159.99","159.99"
"29/04/2025, 04:39:28","5483","159.99","159.99"
"29/04/2025, 08:40:21","4556","159.99","159.99"
"29/04/2025, 12:41:05","4459","159.99","159.99"
"29/04/2025, 16:41:45","4526","159.99","159.99"
"29/04/2025, 20:42:21","4705","159.99","159.99"
"30/04/2025, 04:44:25","5163","159.99","159.99"
"30/04/2025, 08:45:17","4998","159.99","159.99"
"30/04/2025, 14:12:53","4990","159.99","159.99"
"30/04/2025, 19:18:00","5315","159.99","159.99"
"30/04/2025, 23:18:24","5834","159.99","159.99"
"01/05/2025, 03:21:48","4351","159.99","159.99"
"01/05/2025, 07:52:22","4035","159.99","159.99"
"01/05/2025, 11:56:23","3737","159.99","159.99"
"01/05/2025, 15:57:19","3906","159.99","159.99"
"01/05/2025, 19:58:25","3906","159.12","159.99"
"01/05/2025, 23:59:18","3883","159.99","159.99"
"02/05/2025, 04:00:12","4017","159.99","159.99"
"02/05/2025, 08:01:37","3454","159.99","159.99"
"02/05/2025, 12:02:06","3595","159.99","159.99"
"02/05/2025, 16:03:05","3181","159.99","159.99"
"02/05/2025, 20:03:37","2938","159.99","159.99"
"03/05/2025, 00:04:09","3137","159.99","159.99"
"03/05/2025, 04:04:58","3005","159.99","159.99"
"03/05/2025, 08:08:21","3183","159.99","159.99"
"03/05/2025, 12:09:05","3361","159.99","159.99"
"03/05/2025, 16:09:41","3157","159.99","159.99"
"03/05/2025, 20:10:21","2523","159.99","159.99"
"04/05/2025, 00:11:04","3145","159.99","159.99"
"04/05/2025, 04:11:48","3094","159.99","159.99"
"04/05/2025, 08:12:34","2541","111.99","159.99"
"04/05/2025, 12:13:09","53","111.99","159.99"
"04/05/2025, 15:13:44","18","111.99","159.99"
"04/05/2025, 18:14:31","7","111.99","159.99"
"04/05/2025, 21:15:21","1","111.99","159.99"
"06/05/2025, 06:21:01","5","159.99","159.99"
"06/05/2025, 09:30:12","6","159.99","159.99"
"06/05/2025, 21:34:33","8","159.99","159.99"
"07/05/2025, 00:35:23","13","159.99","159.99"
"07/05/2025, 03:36:07","16","159.99","159.99"
"07/05/2025, 06:39:19","30","159.99","159.99"
"07/05/2025, 09:41:54","42","159.99","159.99"
"07/05/2025, 12:42:31","45","159.99","159.99"
"07/05/2025, 15:43:18","42","159.99","159.99"
"07/05/2025, 18:44:04","46","159.99","159.99"
"07/05/2025, 21:44:34","64","159.99","159.99"
"08/05/2025, 00:45:24","91","159.99","159.99"
"08/05/2025, 03:46:06","106","159.99","159.99"
"08/05/2025, 06:49:15","114","159.99","159.99"
"08/05/2025, 09:57:08","141","159.12","159.99"
"08/05/2025, 12:57:33","143","159.99","159.99"
"08/05/2025, 15:58:18","128","159.99","159.99"
"08/05/2025, 21:59:40","161","159.99","159.99"
"09/05/2025, 01:00:09","209","159.99","159.99"
"09/05/2025, 04:00:56","226","159.99","159.99"
"09/05/2025, 07:01:53","279","159.99","159.99"
"09/05/2025, 10:02:41","304","159.99","159.99"
"09/05/2025, 13:03:09","291","159.99","159.99"
"09/05/2025, 16:03:55","271","159.99","159.99"
"09/05/2025, 19:04:20","276","159.99","159.99"
"09/05/2025, 22:05:07","343","159.99","159.99"
"10/05/2025, 01:05:23","461","159.99","159.99"
"10/05/2025, 04:06:08","486","159.99","159.99"
"10/05/2025, 07:07:27","533","159.99","159.99"
"10/05/2025, 10:08:17","552","159.99","159.99"
"10/05/2025, 13:09:05","522","159.99","159.99"
"10/05/2025, 16:09:49","487","159.99","159.99"
"10/05/2025, 19:10:24","479","159.99","159.99"
"10/05/2025, 22:11:06","575","159.99","159.99"
"11/05/2025, 01:11:38","637","158.99","159.99"
"11/05/2025, 04:12:27","669","157.79","159.99"
"11/05/2025, 07:13:21","717","157.27","159.99"
"11/05/2025, 10:14:08","750","158.12","159.99"
"11/05/2025, 13:14:23","663","159.97","159.99"
"11/05/2025, 16:15:08","620","158.84","159.99"
"11/05/2025, 19:15:44","611","158.44","159.99"
"11/05/2025, 22:16:22","673","157.94","159.99"
"12/05/2025, 01:17:07","688","157.44","159.99"
"12/05/2025, 04:17:46","761","156.99","159.99"
"12/05/2025, 07:18:45","765","156.49","159.99"
"12/05/2025, 10:19:36","854","158.99","159.99"
"12/05/2025, 13:20:20","816","159.97","159.99"
"12/05/2025, 16:21:05","778","158.99","159.99"
"12/05/2025, 19:21:35","766","158.57","159.99"
"12/05/2025, 22:22:21","793","159.99","159.99"
"13/05/2025, 01:23:06","1152","159.99","159.99"
"13/05/2025, 04:23:53","1175","159.99","159.99"
"13/05/2025, 07:24:58","1204","159.99","159.99"
"13/05/2025, 10:25:49","1258","159.99","159.99"
"13/05/2025, 13:26:06","1295","159.99","159.99"
"13/05/2025, 16:26:37","1134","159.99","159.99"
"13/05/2025, 19:27:20","1215","159.99","159.99"
"13/05/2025, 22:28:03","1408","159.99","159.99"
"14/05/2025, 01:28:21","1485","159.99","159.99"
"14/05/2025, 04:29:15","1640","159.99","159.99"
"14/05/2025, 07:30:08","1789","159.99","159.99"
"14/05/2025, 10:31:36","1796","159.99","159.99"
"14/05/2025, 13:32:18","1665","159.99","159.99"
"15/05/2025, 16:33:41","538","159.99","159.99"
"15/05/2025, 19:34:21","519","159.99","159.99"
"15/05/2025, 22:35:07","502","159.99","159.99"
"16/05/2025, 01:35:39","476","159.99","159.99"
"16/05/2025, 04:36:59","781","159.99","159.99"
"16/05/2025, 07:37:51","756","159.99","159.99"
"16/05/2025, 10:40:33","720","159.99","159.99"
"16/05/2025, 13:41:10","674","159.99","159.99"
"16/05/2025, 16:41:43","653","159.99","159.99"
"16/05/2025, 19:42:32","629","159.99","159.99"
"17/05/2025, 22:44:11","652","159.99","159.99"
"18/05/2025, 01:45:05","635","159.99","159.99"
"18/05/2025, 04:45:51","881","159.99","159.99"
"18/05/2025, 07:46:44","843","159.99","159.99"
"18/05/2025, 10:47:41","806","159.99","159.99"
"18/05/2025, 13:48:19","767","158.9","159.99"
"18/05/2025, 16:49:09","747","158.6","159.99"
"18/05/2025, 19:49:33","716","158.6","159.99"
"18/05/2025, 22:50:17","692","158.6","159.99"
"19/05/2025, 01:51:05","674","158.6","159.99"
"19/05/2025, 04:52:34","856","158.6","159.99"
"19/05/2025, 07:54:52","827","158.6","159.99"
"19/05/2025, 10:57:12","790","158.5","159.99"
"19/05/2025, 13:58:03","760","158.85","159.99"
"19/05/2025, 16:58:32","731","159.99","159.99"
"19/05/2025, 19:59:07","710","159.99","159.99"
"19/05/2025, 22:59:35","688","159.99","159.99"
"20/05/2025, 02:00:25","672","159.99","159.99"
"20/05/2025, 05:02:49","962","159.99","159.99"
"20/05/2025, 08:03:42","934","159.99","159.99"
"20/05/2025, 11:04:44","907","159.99","159.99"
"20/05/2025, 14:05:18","863","159.99","159.99"
"20/05/2025, 17:06:06","850","159.99","159.99"
"20/05/2025, 20:06:34","814","159.99","159.99"
"20/05/2025, 23:07:22","797","159.99","159.99"
"21/05/2025, 02:08:05","776","159.83","159.99"
"21/05/2025, 05:21:37","1099","157.95","159.99"
"21/05/2025, 08:44:35","1063","159.67","159.99"
"21/05/2025, 11:59:13","1016","157.83","159.99"
"21/05/2025, 15:00:07","968","157.67","159.99"
"21/05/2025, 18:00:40","949","157.67","159.99"
"21/05/2025, 21:01:19","921","157.95","159.99"
"22/05/2025, 00:02:03","903","159.99","159.99"
"22/05/2025, 03:02:39","876","157.7","159.99"
"22/05/2025, 06:03:22","1216","157.2","159.99"
"22/05/2025, 09:04:14","1200","156.7","159.99"
"22/05/2025, 12:06:52","1155","156.35","159.99"
"22/05/2025, 15:07:17","1117","156","159.99"
"22/05/2025, 18:08:06","1065","157.95","159.99"
"22/05/2025, 21:08:37","1038","157.95","159.99"
"23/05/2025, 00:09:54","1016","154.64","159.99"
"23/05/2025, 03:10:21","1008","159.99","159.99"
"23/05/2025, 06:11:05","957","159.99","159.99"
"23/05/2025, 09:11:54","1234","159.99","159.99"
"23/05/2025, 12:12:59","1191","157.95","159.99"
"23/05/2025, 15:13:23","1162","159.99","159.99"
"23/05/2025, 18:14:07","1137","159.99","159.99"
"23/05/2025, 21:14:37","1093","159.99","159.99"
"24/05/2025, 00:15:21","1074","159.99","159.99"
"24/05/2025, 03:16:05","1332","159.99","159.99"
"24/05/2025, 06:16:45","1315","159.99","159.99"
"24/05/2025, 09:17:44","1274","159.99","159.99"
"24/05/2025, 12:18:29","1249","159.99","159.99"
"24/05/2025, 15:19:10","1215","159.99","159.99"
"24/05/2025, 18:19:45","1176","159.99","159.99"
"24/05/2025, 21:20:23","1159","159.99","159.99"
"25/05/2025, 00:21:06","1128","159.99","159.99"
"25/05/2025, 03:21:22","1274","159.99","159.99"
"25/05/2025, 06:22:11","1249","159.99","159.99"
"25/05/2025, 09:23:02","1214","159.99","159.99"
"25/05/2025, 12:24:02","1199","159.99","159.99"
"25/05/2025, 15:24:22","1174","154.26","159.99"
"25/05/2025, 18:25:06","1139","159.99","159.99"
"25/05/2025, 21:25:34","1119","156.79","159.99"
"26/05/2025, 00:26:07","1090","154.26","159.99"
"26/05/2025, 03:26:30","1074","159.99","159.99"
"26/05/2025, 06:27:18","1198","159.99","159.99"
"26/05/2025, 09:28:15","1174","159.99","159.99"
"26/05/2025, 12:29:19","1150","159.99","159.99"
"26/05/2025, 15:30:07","1137","159.99","159.99"
"26/05/2025, 18:30:35","1105","159.99","159.99"
"26/05/2025, 21:31:21","1084","159.99","159.99"
"27/05/2025, 00:32:05","1074","159.99","159.99"
"27/05/2025, 03:32:40","1045","159.99","159.99"
"27/05/2025, 06:33:30","1175","159.99","159.99"
"27/05/2025, 09:39:01","1154","159.99","159.99"
"27/05/2025, 12:47:02","1144","159.99","159.99"
"27/05/2025, 15:47:37","1144","157.81","159.99"
"27/05/2025, 18:48:20","1144","157.06","159.99"
"27/05/2025, 21:49:04","1144","159.99","159.99"
"29/05/2025, 03:51:06","1098","154.26","159.99"
"29/05/2025, 06:51:48","1452","156.62","159.99"
"29/05/2025, 09:53:37","1432","154.24","159.99"
"29/05/2025, 12:57:15","1409","155.99","159.99"
"29/05/2025, 15:58:04","1392","154.26","159.99"
"29/05/2025, 18:58:33","1357","159.82","159.99"
"29/05/2025, 21:59:21","1339","154.24","159.99"
"30/05/2025, 01:00:09","1301","154.26","159.99"
"30/05/2025, 04:00:58","1301","159.99","159.99"
"30/05/2025, 07:02:05","1585","159.99","159.99"
"30/05/2025, 10:04:24","1571","159.99","159.99"
"30/05/2025, 13:05:13","1539","154.26","159.99"
"30/05/2025, 16:05:53","1506","156.62","159.99"
"30/05/2025, 19:06:20","1491","154.26","159.99"
"30/05/2025, 22:07:04","1457","154.26","159.99"
"31/05/2025, 01:07:25","1436","154.54","159.99"
"31/05/2025, 04:08:06","1408","158","159.99"
"31/05/2025, 07:08:53","1509","158","159.99"
"31/05/2025, 10:09:41","1483","158","159.99"
"31/05/2025, 13:10:29","1469","158","159.99"
"31/05/2025, 16:11:20","1430","158","159.99"
"31/05/2025, 19:12:07","1410","158","159.99"
"31/05/2025, 22:12:36","1391","158","159.99"
"01/06/2025, 01:13:21","1373","158","159.99"
"01/06/2025, 04:14:20","1357","158","159.99"
"01/06/2025, 07:15:09","1534","158","159.99"
"01/06/2025, 10:15:54","1524","158","159.99"
"01/06/2025, 13:16:41","1497","158","159.99"
"01/06/2025, 16:17:29","1447","158","159.99"
"01/06/2025, 19:18:14","1433","158","159.99"
"01/06/2025, 22:19:04","1418","158","159.99"
"02/06/2025, 01:19:21","1402","158","159.99"
"02/06/2025, 04:20:13","1395","158","159.99"
"02/06/2025, 07:20:53","1416","158","159.99"
"02/06/2025, 10:21:50","1394","158","159.99"
"02/06/2025, 13:22:41","1380","158","159.99"
"02/06/2025, 16:25:14","1375","158","159.99"
"02/06/2025, 19:26:05","1358","158","159.99"
"02/06/2025, 22:26:38","1481","158","159.99"
"03/06/2025, 01:27:24","1468","158","159.99"
"03/06/2025, 04:28:05","1458","158","159.99"
"03/06/2025, 07:28:57","1439","158","159.99"
"03/06/2025, 10:32:41","1423","158","159.99"
"03/06/2025, 13:37:29","1410","158.75","159.99"
"03/06/2025, 16:38:10","1394","158","159.99"
"03/06/2025, 19:38:36","1376","158","159.99"
"03/06/2025, 22:39:21","1701","158","159.99"
"04/06/2025, 01:40:09","1689","158","159.99"
"04/06/2025, 04:40:50","1670","158","159.99"
"05/06/2025, 16:49:03","1781","158","159.99"
"05/06/2025, 19:49:27","1724","158","159.99"
"06/06/2025, 01:50:52","1653","158","159.99"
"06/06/2025, 10:54:50","1864","158","159.99"
"06/06/2025, 13:55:32","1838","158","159.99"
"06/06/2025, 16:56:20","1811","158","159.99"
"06/06/2025, 19:57:05","1786","158","159.99"
"06/06/2025, 22:57:35","1769","158","159.99"
"07/06/2025, 01:58:14","1738","158","159.99"
"07/06/2025, 04:58:48","1718","158","159.99"
"07/06/2025, 07:59:32","1703","158","159.99"
"07/06/2025, 11:00:41","1683","158","159.99"
"07/06/2025, 14:01:41","1698","158","159.99"
"07/06/2025, 17:02:21","1684","158","159.99"
"07/06/2025, 20:03:05","1669","158","159.99"
"07/06/2025, 23:03:36","1655","158","159.99"
"08/06/2025, 02:04:19","1643","158","159.99"
"08/06/2025, 05:05:06","1624","158","159.99"
"08/06/2025, 08:05:36","1611","158","159.99"
"08/06/2025, 11:06:29","1600","158","159.99"
"08/06/2025, 14:07:11","1582","158","159.99"
"08/06/2025, 17:07:45","1756","158","159.99"
"08/06/2025, 20:08:20","1733","158","159.99"
"08/06/2025, 23:09:06","1709","158","159.99"
"09/06/2025, 02:09:40","1698","158","159.99"
"09/06/2025, 05:10:42","1667","158","159.99"
"09/06/2025, 08:11:27","1655","158","159.99"
"09/06/2025, 11:12:26","1654","158","159.99"
"09/06/2025, 14:13:06","1637","158","159.99"
"09/06/2025, 17:13:36","1627","158","159.99"
"09/06/2025, 20:14:23","1545","158","159.99"
"09/06/2025, 23:15:09","1537","158","159.99"
"10/06/2025, 02:15:59","1526","158","159.99"
"10/06/2025, 05:16:50","1520","158","159.99"
"10/06/2025, 08:17:53","1510","158","159.99"
"10/06/2025, 11:19:11","1507","158.75","159.99"
"10/06/2025, 14:20:04","1506","158.75","159.99"
"10/06/2025, 17:20:39","1499","158.75","159.99"
"10/06/2025, 20:21:26","1556","158.75","159.99"
"10/06/2025, 23:22:12","1547","156.79","159.99"
"11/06/2025, 02:22:53","1552","156.79","159.99"
"11/06/2025, 05:23:49","1546","156.79","159.99"
"11/06/2025, 08:24:49","1542","156.79","159.99"
"11/06/2025, 11:27:39","1536","156.79","159.99"
"11/06/2025, 14:28:19","1525","158","159.99"
"11/06/2025, 17:29:06","1517","158","159.99"
"11/06/2025, 20:29:36","1511","158","159.99"
"11/06/2025, 23:30:17","1545","158","159.99"
"12/06/2025, 02:31:03","1538","158","159.99"
"12/06/2025, 05:31:39","1522","158","159.99"
"12/06/2025, 08:32:45","1531","158","159.99"
"12/06/2025, 14:36:04","1524","158","159.99"
"12/06/2025, 17:36:32","1522","158","159.99"
"12/06/2025, 20:37:10","1514","158","159.99"
"12/06/2025, 23:37:43","1507","158","159.99"
"13/06/2025, 02:38:24","1507","156.79","159.99"
"13/06/2025, 05:39:22","1502","156.79","159.99"
"13/06/2025, 08:40:09","1498","158","159.99"
"13/06/2025, 11:43:12","1494","159.99","159.99"
"13/06/2025, 14:44:04","1489","159.99","159.99"
"13/06/2025, 17:44:22","1484","159.99","159.99"
"13/06/2025, 20:45:07","1481","159.99","159.99"
"13/06/2025, 23:45:47","1480","159.99","159.99"
"14/06/2025, 02:46:24","1481","159.99","159.99"
"14/06/2025, 05:47:28","1476","159.99","159.99"
"14/06/2025, 08:48:23","1474","158","159.99"
"14/06/2025, 11:49:19","1475","158","159.99"
"14/06/2025, 14:50:06","1472","158","159.99"
"14/06/2025, 17:50:36","1464","158","159.99"
"14/06/2025, 20:51:18","1463","158","159.99"
"15/06/2025, 02:52:39","1457","158","159.99"
"15/06/2025, 05:53:29","1452","158","159.99"
"15/06/2025, 08:54:26","1458","158","159.99"
"15/06/2025, 11:55:20","1456","158","159.99"
"15/06/2025, 14:56:05","1459","158","159.99"
"15/06/2025, 20:57:22","1461","158","159.99"
"16/06/2025, 02:58:32","1455","158","159.99"
"16/06/2025, 05:59:23","1461","158","159.99"
"16/06/2025, 09:00:21","1459","158","159.99"
"16/06/2025, 12:01:09","1463","159.99","159.99"
"16/06/2025, 17:58:28","1458","159.99","159.99"
"16/06/2025, 21:16:12","1459","159.99","159.99"
"17/06/2025, 00:16:36","1460","159.99","159.99"
"17/06/2025, 03:17:05","1459","159.99","159.99"
"17/06/2025, 09:52:50","1459","158","159.99"
"17/06/2025, 12:57:03","1459","159.99","159.99"
"17/06/2025, 22:13:10","1267","159.99","159.99"
"18/06/2025, 01:14:04","1268","159.99","159.99"
"18/06/2025, 04:14:35","1274","159.99","159.99"
"18/06/2025, 07:15:30","1276","159.99","159.99"
"18/06/2025, 10:31:42","1278","158","159.99"
"18/06/2025, 13:32:09","1280","157","159.99"
"18/06/2025, 16:32:49","1283","157","159.99"
"18/06/2025, 19:36:46","1291","157","159.99"
"18/06/2025, 22:37:19","1293","157","159.99"
"19/06/2025, 01:38:04","1298","157","159.99"
"19/06/2025, 04:38:33","1303","157","159.99"
"19/06/2025, 07:42:35","1613","157","159.99"
"19/06/2025, 10:52:07","1604","157","159.99"
"19/06/2025, 13:53:04","1602","157","159.99"
"19/06/2025, 16:54:03","1599","157","159.99"
"19/06/2025, 19:55:13","1588","157","159.99"
"19/06/2025, 22:56:04","1589","157","159.99"
"20/06/2025, 01:56:19","1583","157","159.99"
"20/06/2025, 04:57:06","1579","157","159.99"
"20/06/2025, 07:59:53","1564","157","159.99"
"20/06/2025, 11:03:18","1558","157","159.99"
"20/06/2025, 14:04:04","1542","157","159.99"
"20/06/2025, 17:04:59","1532","157","159.99"
"20/06/2025, 20:05:37","1530","157","159.99"
"20/06/2025, 23:06:07","1526","157","159.99"
"21/06/2025, 02:06:25","1522","157","159.99"
"21/06/2025, 05:07:08","1515","157","159.99"
"21/06/2025, 11:10:44","1514","157","159.99"
"21/06/2025, 14:11:05","1507","157","159.99"
"21/06/2025, 17:11:58","1504","157","159.99"
"21/06/2025, 20:12:37","1681","157","159.99"
"21/06/2025, 23:13:09","1676","157","159.99"
"22/06/2025, 02:13:32","1668","157","159.99"
"23/06/2025, 05:15:06","1729","158","159.99"
"23/06/2025, 08:16:22","1662","159","159.99"
"23/06/2025, 11:17:29","1649","159","159.99"
"23/06/2025, 14:18:07","1647","159","159.99"
"23/06/2025, 20:22:24","1642","159","159.99"
"24/06/2025, 10:36:30","1513","159.75","159.99"
"24/06/2025, 17:38:58","1515","158","159.99"
"24/06/2025, 20:39:40","1510","158","159.99"
"24/06/2025, 23:40:26","1507","158","159.99"
"25/06/2025, 02:41:13","1505","158","159.99"
"25/06/2025, 05:42:05","1421","158","159.99"
"25/06/2025, 08:42:29","1423","158","159.99"
"25/06/2025, 11:43:39","1421","158.75","159.99"
"25/06/2025, 15:13:07","1420","158.75","159.99"
"25/06/2025, 18:47:30","1422","158","159.99"
"25/06/2025, 21:48:19","1426","158","159.99"
"26/06/2025, 00:49:04","1419","158","159.99"
"26/06/2025, 03:49:34","1420","158","159.99"
"26/06/2025, 06:50:08","1419","158","159.99"
"26/06/2025, 09:50:46","1416","158","159.99"
"26/06/2025, 17:22:33","1418","158","159.99"
"26/06/2025, 22:00:05","1472","158","159.99"
"27/06/2025, 01:09:49","1477","156.79","159.99"
"27/06/2025, 04:10:56","1479","158","159.99"
"27/06/2025, 07:11:24","1526","158","159.99"
"27/06/2025, 10:12:07","1525","158","159.99"
"28/06/2025, 13:38:47","1573","158","159.99"
"28/06/2025, 16:39:42","1563","158","159.99"
"28/06/2025, 19:40:29","1557","158","159.99"
"28/06/2025, 22:41:27","1547","158","159.99"
"29/06/2025, 01:42:06","1542","158","159.99"
"29/06/2025, 04:42:23","1539","158","159.99"
"29/06/2025, 07:43:05","1541","158","159.99"
"29/06/2025, 10:44:07","1537","158","159.99"
"29/06/2025, 13:45:00","1533","158","159.99"
"29/06/2025, 16:45:57","1531","158","159.99"
"29/06/2025, 19:46:42","1533","158","159.99"
"29/06/2025, 22:47:35","1532","158","159.99"
"30/06/2025, 01:48:08","1526","158","159.99"
"30/06/2025, 04:48:31","1523","158","159.99"
"30/06/2025, 07:49:05","1616","158","159.99"
"30/06/2025, 13:51:11","1608","158","159.99"
"30/06/2025, 16:53:41","1607","158","159.99"
"30/06/2025, 19:54:29","1600","158","159.99"
"30/06/2025, 22:55:10","1595","158","159.99"
"01/07/2025, 01:56:02","1581","158","159.99"
"01/07/2025, 04:56:25","1572","158","159.99"
"01/07/2025, 07:57:05","1521","158","159.99"
"01/07/2025, 10:57:57","1517","158","159.99"
"01/07/2025, 13:58:47","1515","158","159.99"
"01/07/2025, 16:59:47","1509","158","159.99"
"01/07/2025, 20:00:45","1506","158","159.99"
"01/07/2025, 23:01:45","1504","158","159.99"
"02/07/2025, 02:02:08","1502","158","159.99"
"02/07/2025, 05:02:24","1878","158","159.99"
"02/07/2025, 08:03:06","1864","158","159.99"
"02/07/2025, 11:03:50","1849","158","159.99"
"02/07/2025, 14:04:59","1836","158","159.99"
"02/07/2025, 17:05:35","1829","158","159.99"
"02/07/2025, 20:06:26","1821","158","159.99"
"02/07/2025, 23:07:08","1966","159.99","159.99"
"03/07/2025, 02:08:03","1960","159.99","159.99"
"03/07/2025, 05:08:37","1941","159.99","159.99"
"03/07/2025, 08:09:06","1926","159.99","159.99"
"03/07/2025, 11:09:45","1909","158","159.99"
"04/07/2025, 14:11:08","1891","158","159.99"
"04/07/2025, 17:11:54","1885","158","159.99"
"04/07/2025, 20:12:42","1863","158","159.99"
"04/07/2025, 23:13:50","1852","158","159.99"
"05/07/2025, 02:14:34","1844","158","159.99"
"05/07/2025, 05:15:21","1857","158","159.99"
"05/07/2025, 08:16:05","1853","158","159.99"
"05/07/2025, 11:16:55","1833","158","159.99"
"05/07/2025, 14:17:31","1825","158","159.99"
"05/07/2025, 17:18:19","1820","158","159.99"
"05/07/2025, 20:19:05","1813","158","159.99"
"05/07/2025, 23:19:47","1805","158","159.99"
"07/07/2025, 02:21:05","1705","158","159.99"
"07/07/2025, 05:21:38","1682","158","159.99"
"07/07/2025, 08:22:06","1675","158","159.99"
"07/07/2025, 11:22:53","1671","158","159.99"
"07/07/2025, 14:23:33","1670","158","159.99"
"07/07/2025, 17:24:31","1673","158","159.99"
"07/07/2025, 20:25:21","1669","158","159.99"
"07/07/2025, 23:26:14","1672","158","159.99"
"08/07/2025, 02:27:04","1668","158","159.99"
"08/07/2025, 05:27:35","1662","158","159.99"
"08/07/2025, 08:28:06","1658","158","159.99"
"08/07/2025, 11:29:08","1733","158.75","159.99"
"08/07/2025, 14:29:49","1728","158.75","159.99"
"08/07/2025, 17:30:49","1726","158.75","159.99"
"08/07/2025, 20:31:34","1718","158.75","159.99"
"08/07/2025, 23:32:23","1716","158.75","159.99"
"09/07/2025, 02:33:07","1714","158.75","159.99"
"09/07/2025, 05:33:44","343","158.75","159.99"
"09/07/2025, 08:34:06","353","158.75","159.99"
"09/07/2025, 11:35:28","366","158.75","159.99"
"09/07/2025, 14:36:21","376","158.75","159.99"
"09/07/2025, 17:37:14","393","158.75","159.99"
"09/07/2025, 20:38:01","406","158.75","159.99"
"09/07/2025, 23:38:40","419","158.75","159.99"
"10/07/2025, 02:39:21","434","158.75","159.99"
"10/07/2025, 05:40:06","11","158.75","159.99"
"11/07/2025, 05:50:20","9","158.75","159.99"
"12/07/2025, 05:56:47","10","158.75","159.99"
"12/07/2025, 08:57:05","10","158","159.99"
"12/07/2025, 11:58:14","10","174","159.99"
"13/07/2025, 12:04:32","11","174","159.99"
"14/07/2025, 06:09:10","12","174","159.99"
"14/07/2025, 09:10:06","13","174","159.99"
"14/07/2025, 18:19:00","14","174","159.99"
"14/07/2025, 21:23:19","15","159.99","159.99"
"15/07/2025, 06:25:12","18","159.99","159.99"
"15/07/2025, 09:26:03","19","159.99","159.99"
"16/07/2025, 18:29:30","34","159.99","159.99"
"17/07/2025, 00:31:04","33","159.99","159.99"
"17/07/2025, 03:31:23","31","159.99","159.99"
"17/07/2025, 06:32:06","65","159","159.99"
"17/07/2025, 09:32:22","62","159","159.99"
"17/07/2025, 12:33:41","61","159","159.99"
"17/07/2025, 15:38:27","59","159","159.99"
"17/07/2025, 18:39:22","57","159","159.99"
"18/07/2025, 00:42:05","56","159","159.99"
"18/07/2025, 03:42:42","57","159","159.99"
"18/07/2025, 06:43:21","104","159","159.99"
"18/07/2025, 09:44:06","101","159","159.99"
"18/07/2025, 12:45:22","98","159.99","159.99"
"18/07/2025, 15:46:06","84","159.99","159.99"
"18/07/2025, 18:46:40","80","159.99","159.99"
"18/07/2025, 21:47:34","79","159","159.99"
"19/07/2025, 00:48:18","74","159.99","159.99"
"19/07/2025, 03:49:05","127","159.99","159.99"
"19/07/2025, 06:49:45","125","159.99","159.99"
"19/07/2025, 09:50:21","120","159","159.99"
"20/07/2025, 12:51:47","131","159","159.99"
"20/07/2025, 15:52:29","129","159","159.99"
"20/07/2025, 18:53:17","122","159","159.99"
"20/07/2025, 21:54:12","118","159","159.99"
"21/07/2025, 00:54:54","110","159","159.99"
"21/07/2025, 03:55:36","106","159","159.99"
"21/07/2025, 06:56:10","176","159","159.99"
"21/07/2025, 09:57:03","166","159","159.99"
"21/07/2025, 12:58:48","159","159","159.99"
"21/07/2025, 15:59:40","148","159","159.99"
"21/07/2025, 19:00:27","138","159","159.99"
"21/07/2025, 22:03:11","129","159","159.99"
"22/07/2025, 01:04:05","126","159","159.99"
"22/07/2025, 04:04:41","122","159","159.99"
"22/07/2025, 07:05:22","223","159","159.99"
"22/07/2025, 10:06:05","206","159","159.99"
"23/07/2025, 13:11:43","243","159","159.99"
"23/07/2025, 16:16:15","240","159","159.99"
"23/07/2025, 19:20:21","227","159","159.99"
"23/07/2025, 22:21:12","203","159","159.99"
"24/07/2025, 01:22:04","350","159","159.99"
"24/07/2025, 04:22:35","316","159","159.99"
"24/07/2025, 07:23:20","312","158","159.99"
"24/07/2025, 10:24:05","287","158","159.99"
"24/07/2025, 13:25:52","275","158","159.99"
"24/07/2025, 16:28:09","262","158","159.99"
"24/07/2025, 19:32:15","248","158","159.99"
"24/07/2025, 22:36:52","245","158","159.99"
"25/07/2025, 01:37:37","397","158","159.99"
"25/07/2025, 07:39:05","394","158","159.99"
"25/07/2025, 13:42:48","426","158","159.99"
"25/07/2025, 16:43:47","425","158","159.99"
"26/07/2025, 22:50:46","812","158","159.99"
"28/07/2025, 10:55:30","565","157","159.99"
"28/07/2025, 19:57:09","564","157","159.99"
"28/07/2025, 22:57:45","922","157","159.99"
"29/07/2025, 01:58:42","921","157","159.99"
"29/07/2025, 11:03:26","612","157","159.99"
"29/07/2025, 17:30:04","613","157","159.99"
"29/07/2025, 23:49:22","1056","157","159.99"
"30/07/2025, 02:52:13","1055","157","159.99"
"30/07/2025, 05:53:04","1051","157","159.99"
"30/07/2025, 11:54:43","704","157","159.99"
"30/07/2025, 14:56:32","705","157","159.99"
"30/07/2025, 21:41:54","704","157","159.99"
"31/07/2025, 00:42:19","1172","157","159.99"
"31/07/2025, 03:46:22","1171","157","159.99"
"31/07/2025, 06:47:06","1175","157","159.99"
"31/07/2025, 09:49:20","816","157","159.99"
"31/07/2025, 22:45:14","1369","157","159.99"
"01/08/2025, 04:46:08","1368","157","159.99"
"01/08/2025, 10:47:57","944","157","159.99"
"01/08/2025, 13:52:49","945","157","159.99"
"01/08/2025, 17:03:31","944","157","159.99"
"01/08/2025, 20:13:24","945","157","159.99"
"01/08/2025, 23:19:53","946","157","159.99"
"02/08/2025, 02:20:50","947","157","159.99"
"02/08/2025, 05:21:07","1422","157","159.99"
"02/08/2025, 11:21:52","1005","157","159.99"
"02/08/2025, 17:29:10","1006","157","159.99"
"02/08/2025, 23:32:16","1472","157","159.99"
"03/08/2025, 05:34:04","1468","157","159.99"
"05/08/2025, 11:50:41","1101","158.53","159.99"
"05/08/2025, 18:02:13","1100","158.53","159.99"
"06/08/2025, 03:06:12","1624","158.53","159.99"
"06/08/2025, 09:07:05","1624","157","159.99"
"06/08/2025, 12:09:10","1226","157","159.99"
"06/08/2025, 18:18:46","1225","157","159.99"
"07/08/2025, 00:25:15","1223","157","159.99"
"07/08/2025, 03:26:04","1224","157","159.99"
"07/08/2025, 06:26:07","1875","157","159.99"
"07/08/2025, 09:27:03","1875","159","159.99"
"07/08/2025, 12:30:52","1411","159","159.99"
"07/08/2025, 15:32:55","1412","159","159.99"
"07/08/2025, 18:37:55","1412","157","159.99"
"08/08/2025, 00:44:08","1908","157","159.99"
"08/08/2025, 03:44:44","1911","157","159.99"
"08/08/2025, 06:45:08","1914","157","159.99"
"08/08/2025, 09:45:08","1487","157","159.99"
"08/08/2025, 12:47:11","1488","157","159.99"
"08/08/2025, 15:48:42","1487","157","159.99"
"08/08/2025, 21:50:22","1489","157","159.99"
"09/08/2025, 00:51:06","1490","157","159.99"
"09/08/2025, 03:51:34","1491","157","159.99"
"09/08/2025, 06:52:05","1998","157","159.99"
"09/08/2025, 09:53:04","1572","157","159.99"
"10/08/2025, 01:03:23","2101","157","159.99"
"10/08/2025, 09:04:06","2100","157","159.99"
"10/08/2025, 13:07:28","1659","157","159.99"
"10/08/2025, 22:09:52","1822","157","159.99"
"11/08/2025, 04:11:22","1804","157","159.99"
"11/08/2025, 10:12:09","1461","157","159.99"
"11/08/2025, 13:15:58","1459","157","159.99"
"11/08/2025, 19:28:45","1458","157","159.99"
"11/08/2025, 22:33:54","1881","157","159.99"
"12/08/2025, 01:34:21","1882","157","159.99"
"12/08/2025, 04:35:06","1872","157","159.99"
"12/08/2025, 10:37:01","1535","157","159.99"
"12/08/2025, 13:42:37","1536","157","159.99"
"12/08/2025, 19:50:19","1535","157","159.99"
"14/08/2025, 23:12:41","1844","157","159.99"
"15/08/2025, 05:14:08","1845","157","159.99"
"15/08/2025, 08:14:24","2443","157","159.99"
"16/08/2025, 12:19:14","1968","143","159.99"
"17/08/2025, 00:27:32","2283","143","159.99"
"17/08/2025, 04:28:19","2251","143","159.99"
"17/08/2025, 12:29:55","1924","143","159.99"
"17/08/2025, 18:31:27","1924","157","159.99"
"18/08/2025, 00:34:46","2333","157","159.99"
"18/08/2025, 04:35:24","2322","157","159.99"
"18/08/2025, 10:06:49","2322","157","159.99"